[
{
  "model": "accounts.user",
  "pk": 1,
  "fields": {
    "password": "pbkdf2_sha256$216000$aL1y4It24fXT$1Wk5h0sRihJB9e09LnevaV4lJukNGuZ5lno1kFXKLmY=",
    "last_login": "2020-12-04T11:00:11.855Z",
    "is_superuser": true,
    "username": "wert",
    "is_staff": true,
    "date_joined": "2020-10-29T09:08:47.271Z",
    "first_name": "Giuseppe",
    "last_name": "De Marco",
    "is_active": true,
    "email": "that@mail.org",
    "taxpayer_id": null,
    "matricola_studente": null,
    "matricola_dipendente": null,
    "groups": [],
    "user_permissions": []
  }
},
{
  "model": "accounts.user",
  "pk": 2,
  "fields": {
    "password": "pbkdf2_sha256$216000$VdsaV1CyuN6i$KmQ+lOwEGhP5WGh9Kaspel/M9jfseZKMOfrVydcaKVg=",
    "last_login": "2020-12-02T17:30:27.923Z",
    "is_superuser": true,
    "username": "felix",
    "is_staff": true,
    "date_joined": "2020-11-11T14:58:29.557Z",
    "first_name": "Francesco",
    "last_name": "Filicetti",
    "is_active": true,
    "email": "",
    "taxpayer_id": null,
    "matricola_studente": null,
    "matricola_dipendente": null,
    "groups": [],
    "user_permissions": []
  }
},
{
  "model": "taggit.tag",
  "pk": 1,
  "fields": {
    "name": "home",
    "slug": "home"
  }
},
{
  "model": "taggit.tag",
  "pk": 2,
  "fields": {
    "name": "unical",
    "slug": "unical"
  }
},
{
  "model": "taggit.tag",
  "pk": 3,
  "fields": {
    "name": "didattica",
    "slug": "didattica"
  }
},
{
  "model": "taggit.tag",
  "pk": 4,
  "fields": {
    "name": "eventi",
    "slug": "eventi"
  }
},
{
  "model": "taggit.tag",
  "pk": 5,
  "fields": {
    "name": "ricerca",
    "slug": "ricerca"
  }
},
{
  "model": "taggit.tag",
  "pk": 6,
  "fields": {
    "name": "cultura",
    "slug": "cultura"
  }
},
{
  "model": "taggit.tag",
  "pk": 7,
  "fields": {
    "name": "cinema",
    "slug": "cinema"
  }
},
{
  "model": "taggit.tag",
  "pk": 8,
  "fields": {
    "name": "campus",
    "slug": "campus"
  }
},
{
  "model": "taggit.tag",
  "pk": 9,
  "fields": {
    "name": "studiare",
    "slug": "studiare"
  }
},
{
  "model": "taggit.tag",
  "pk": 10,
  "fields": {
    "name": "magnam",
    "slug": "magnam"
  }
},
{
  "model": "taggit.tag",
  "pk": 11,
  "fields": {
    "name": "motore di ricerca",
    "slug": "motore-di-ricerca"
  }
},
{
  "model": "taggit.tag",
  "pk": 12,
  "fields": {
    "name": "search",
    "slug": "search"
  }
},
{
  "model": "taggit.taggeditem",
  "pk": 1,
  "fields": {
    "tag": 1,
    "content_type": 22,
    "object_id": 1
  }
},
{
  "model": "taggit.taggeditem",
  "pk": 2,
  "fields": {
    "tag": 2,
    "content_type": 22,
    "object_id": 1
  }
},
{
  "model": "taggit.taggeditem",
  "pk": 3,
  "fields": {
    "tag": 3,
    "content_type": 27,
    "object_id": 1
  }
},
{
  "model": "taggit.taggeditem",
  "pk": 4,
  "fields": {
    "tag": 4,
    "content_type": 27,
    "object_id": 2
  }
},
{
  "model": "taggit.taggeditem",
  "pk": 5,
  "fields": {
    "tag": 5,
    "content_type": 27,
    "object_id": 3
  }
},
{
  "model": "taggit.taggeditem",
  "pk": 6,
  "fields": {
    "tag": 2,
    "content_type": 28,
    "object_id": 1
  }
},
{
  "model": "taggit.taggeditem",
  "pk": 7,
  "fields": {
    "tag": 2,
    "content_type": 33,
    "object_id": 4
  }
},
{
  "model": "taggit.taggeditem",
  "pk": 8,
  "fields": {
    "tag": 2,
    "content_type": 33,
    "object_id": 3
  }
},
{
  "model": "taggit.taggeditem",
  "pk": 9,
  "fields": {
    "tag": 2,
    "content_type": 33,
    "object_id": 1
  }
},
{
  "model": "taggit.taggeditem",
  "pk": 11,
  "fields": {
    "tag": 2,
    "content_type": 33,
    "object_id": 2
  }
},
{
  "model": "taggit.taggeditem",
  "pk": 12,
  "fields": {
    "tag": 4,
    "content_type": 33,
    "object_id": 5
  }
},
{
  "model": "taggit.taggeditem",
  "pk": 13,
  "fields": {
    "tag": 6,
    "content_type": 33,
    "object_id": 5
  }
},
{
  "model": "taggit.taggeditem",
  "pk": 14,
  "fields": {
    "tag": 7,
    "content_type": 33,
    "object_id": 5
  }
},
{
  "model": "taggit.taggeditem",
  "pk": 15,
  "fields": {
    "tag": 4,
    "content_type": 35,
    "object_id": 5
  }
},
{
  "model": "taggit.taggeditem",
  "pk": 16,
  "fields": {
    "tag": 6,
    "content_type": 35,
    "object_id": 5
  }
},
{
  "model": "taggit.taggeditem",
  "pk": 17,
  "fields": {
    "tag": 7,
    "content_type": 35,
    "object_id": 5
  }
},
{
  "model": "taggit.taggeditem",
  "pk": 18,
  "fields": {
    "tag": 8,
    "content_type": 35,
    "object_id": 2
  }
},
{
  "model": "taggit.taggeditem",
  "pk": 19,
  "fields": {
    "tag": 5,
    "content_type": 35,
    "object_id": 3
  }
},
{
  "model": "taggit.taggeditem",
  "pk": 20,
  "fields": {
    "tag": 9,
    "content_type": 35,
    "object_id": 4
  }
},
{
  "model": "taggit.taggeditem",
  "pk": 21,
  "fields": {
    "tag": 9,
    "content_type": 35,
    "object_id": 1
  }
},
{
  "model": "taggit.taggeditem",
  "pk": 22,
  "fields": {
    "tag": 2,
    "content_type": 28,
    "object_id": 2
  }
},
{
  "model": "taggit.taggeditem",
  "pk": 23,
  "fields": {
    "tag": 2,
    "content_type": 34,
    "object_id": 5
  }
},
{
  "model": "taggit.taggeditem",
  "pk": 25,
  "fields": {
    "tag": 2,
    "content_type": 34,
    "object_id": 4
  }
},
{
  "model": "taggit.taggeditem",
  "pk": 26,
  "fields": {
    "tag": 2,
    "content_type": 34,
    "object_id": 1
  }
},
{
  "model": "taggit.taggeditem",
  "pk": 27,
  "fields": {
    "tag": 2,
    "content_type": 25,
    "object_id": 1
  }
},
{
  "model": "taggit.taggeditem",
  "pk": 34,
  "fields": {
    "tag": 2,
    "content_type": 28,
    "object_id": 15
  }
},
{
  "model": "taggit.taggeditem",
  "pk": 35,
  "fields": {
    "tag": 2,
    "content_type": 28,
    "object_id": 16
  }
},
{
  "model": "taggit.taggeditem",
  "pk": 36,
  "fields": {
    "tag": 2,
    "content_type": 34,
    "object_id": 6
  }
},
{
  "model": "taggit.taggeditem",
  "pk": 37,
  "fields": {
    "tag": 2,
    "content_type": 34,
    "object_id": 7
  }
},
{
  "model": "taggit.taggeditem",
  "pk": 38,
  "fields": {
    "tag": 2,
    "content_type": 28,
    "object_id": 17
  }
},
{
  "model": "taggit.taggeditem",
  "pk": 39,
  "fields": {
    "tag": 2,
    "content_type": 34,
    "object_id": 8
  }
},
{
  "model": "taggit.taggeditem",
  "pk": 40,
  "fields": {
    "tag": 2,
    "content_type": 34,
    "object_id": 9
  }
},
{
  "model": "taggit.taggeditem",
  "pk": 41,
  "fields": {
    "tag": 2,
    "content_type": 28,
    "object_id": 18
  }
},
{
  "model": "taggit.taggeditem",
  "pk": 42,
  "fields": {
    "tag": 2,
    "content_type": 34,
    "object_id": 10
  }
},
{
  "model": "taggit.taggeditem",
  "pk": 43,
  "fields": {
    "tag": 2,
    "content_type": 28,
    "object_id": 19
  }
},
{
  "model": "taggit.taggeditem",
  "pk": 45,
  "fields": {
    "tag": 11,
    "content_type": 28,
    "object_id": 20
  }
},
{
  "model": "taggit.taggeditem",
  "pk": 46,
  "fields": {
    "tag": 12,
    "content_type": 28,
    "object_id": 20
  }
},
{
  "model": "cmstemplates.pagetemplate",
  "pk": 1,
  "fields": {
    "created": "2020-10-29T09:12:00.088Z",
    "modified": "2020-12-01T14:08:55.142Z",
    "is_active": true,
    "name": "Portale dell'Università della Calabria",
    "template_file": "portale_home_v3.html",
    "note": ""
  }
},
{
  "model": "cmstemplates.pagetemplate",
  "pk": 2,
  "fields": {
    "created": "2020-11-20T09:31:57.345Z",
    "modified": "2020-12-01T14:59:28.479Z",
    "is_active": true,
    "name": "Sito dipartimento - DIMES",
    "template_file": "dipartimento_home_v3_dimes.html",
    "note": ""
  }
},
{
  "model": "cmstemplates.pagetemplate",
  "pk": 3,
  "fields": {
    "created": "2020-12-03T07:22:34.774Z",
    "modified": "2020-12-03T12:22:55.232Z",
    "is_active": true,
    "name": "Portale Università - Menu Publications Stack",
    "template_file": "two_columns.html",
    "note": ""
  }
},
{
  "model": "cmstemplates.pagetemplate",
  "pk": 4,
  "fields": {
    "created": "2020-12-03T14:49:37.539Z",
    "modified": "2020-12-03T15:01:45.600Z",
    "is_active": true,
    "name": "Portale Università - Menu Publications Expanded Stack",
    "template_file": "two_columns.html",
    "note": ""
  }
},
{
  "model": "cmstemplates.pagetemplate",
  "pk": 6,
  "fields": {
    "created": "2020-12-06T15:27:09.964Z",
    "modified": "2020-12-06T15:27:09.964Z",
    "is_active": true,
    "name": "Motore di Ricerca",
    "template_file": "portale_home_v3.html",
    "note": ""
  }
},
{
  "model": "cmstemplates.templateblock",
  "pk": 1,
  "fields": {
    "created": "2020-11-18T14:57:16.531Z",
    "modified": "2020-11-18T14:57:16.531Z",
    "is_active": true,
    "name": "publication-main-preview",
    "description": null,
    "type": "cms.templates.blocks.HtmlBlock",
    "content": "{% load unicms_blocks %}\r\n\r\n            <div class=\"row negative-mt-5 mb-3\" >\r\n                <div class=\"col-12 col-md-3\">\r\n                    <div class=\"section-title-label px-3 py-1\">\r\n                        <h3>Unical <span class=\"super-bold\">world</span></h3>\r\n                    </div>\r\n                </div>\r\n            </div>\r\n\r\n            <div class=\"row\">\r\n                <div class=\"col-12 col-lg-9\">\r\n                    {% load_publications_preview template=\"publications_preview_v3.html\" %}\r\n                </div>\r\n                <div class=\"col-12 col-lg-3\">\r\n                    {% include \"unical_portale_agenda.html\" %}\r\n                </div>\r\n            </div>"
  }
},
{
  "model": "cmstemplates.templateblock",
  "pk": 2,
  "fields": {
    "created": "2020-11-18T15:13:34.250Z",
    "modified": "2020-11-24T09:45:10.299Z",
    "is_active": true,
    "name": "main-carousel",
    "description": "",
    "type": "cms.templates.blocks.HtmlBlock",
    "content": "{% load unicms_carousels %}\r\n{% load_carousel section='slider' template=\"hero_slider.html\" %}\r\n\r\n<script>\r\n$(document).ready(function() {\r\n  $(\"#my-slider\").owlCarousel({\r\n      navigation : true, // Show next and prev buttons\r\n      loop: true,\r\n      slideSpeed : 300,\r\n      paginationSpeed : 400,\r\n      autoplay: true,\r\n      items : 1,\r\n      itemsDesktop : false,\r\n      itemsDesktopSmall : false,\r\n      itemsTablet: false,\r\n      itemsMobile : false,\r\n      dots: false\r\n  });\r\n});\r\n</script>"
  }
},
{
  "model": "cmstemplates.templateblock",
  "pk": 3,
  "fields": {
    "created": "2020-11-18T15:13:52.548Z",
    "modified": "2020-11-18T15:13:52.548Z",
    "is_active": true,
    "name": "avvisi",
    "description": "",
    "type": "cms.templates.blocks.HtmlBlock",
    "content": "{% load static %}\r\n\r\n<div class=\"container py-5\">\r\n<div class=\"row\">\r\n<div class=\"d-none d-md-block col-md-3\">&nbsp;</div>\r\n<div class=\"col-12 col-md-9\">\r\n  <h3 class=\"super-bold\" style=\"padding-left:24px\">\r\n     Avvisi\r\n  </h3>\r\n</div>\r\n</div>\r\n        <div class=\"row\">\r\n            <div class=\"col-12 col-lg-3\" style=\"margin-top: 24px\">\r\n<button type=\"button\" class=\"btn btn-grey-presta btn-block btn-lg mb-2 text-left\">Tutti gli avvisi</button>\r\n                <button type=\"button\" class=\"btn btn-grey-presta btn-block btn-lg mb-2 text-left\">URP</button>\r\n                <button type=\"button\" class=\"btn btn-grey-presta btn-block btn-lg mb-2 text-left\">Amministrazione trasparente</button>\r\n                <button type=\"button\" class=\"btn btn-grey-presta btn-block btn-lg mb-2 text-left\">Sostieni Unical</button>\r\n            </div>\r\n            <div class=\"col-12 col-lg-9\">\r\n                {% include \"unical_portale_home_avvisi_v3.html\" %}\r\n            </div>\r\n        </div>\r\n\r\n        <a href=\"#\" aria-hidden=\"true\"\r\n           data-attribute=\"back-to-top\"\r\n           class=\"back-to-top back-to-top-small\">\r\n            <svg class=\"icon icon-light\">\r\n              <use xlink:href=\"{% static 'svg/sprite.svg' %}#it-arrow-up\"></use>\r\n            </svg>\r\n        </a>\r\n\r\n    </div>"
  }
},
{
  "model": "cmstemplates.templateblock",
  "pk": 4,
  "fields": {
    "created": "2020-11-18T15:14:07.509Z",
    "modified": "2020-11-18T15:14:07.509Z",
    "is_active": true,
    "name": "youtube",
    "description": "",
    "type": "cms.templates.blocks.HtmlBlock",
    "content": "<div class=\"row\">\r\n<div class=\"col-12 col-md-6\">\r\n<iframe width=\"100%\" height=\"315\" src=\"https://www.youtube.com/embed/ArpMSujC8mM\" frameborder=\"0\" allow=\"accelerometer; autoplay; clipboard-write; encrypted-media; gyroscope; picture-in-picture\" allowfullscreen></iframe>\r\n</div>\r\n <div class=\"col-12 col-md-6\">\r\n<iframe width=\"100%\" height=\"315\" src=\"https://www.youtube.com/embed/xrjjJGqZpcU\" frameborder=\"0\" allow=\"accelerometer; autoplay; clipboard-write; encrypted-media; gyroscope; picture-in-picture\" allowfullscreen></iframe>\r\n</div>\r\n </div>"
  }
},
{
  "model": "cmstemplates.templateblock",
  "pk": 5,
  "fields": {
    "created": "2020-11-18T15:45:36.383Z",
    "modified": "2020-11-18T15:50:20.335Z",
    "is_active": true,
    "name": "sadasd",
    "description": "asd",
    "type": "cms.templates.blocks.HtmlBlock",
    "content": "<h1>HAAAAAAAAAAAAAAa</h1>"
  }
},
{
  "model": "cmstemplates.templateblock",
  "pk": 6,
  "fields": {
    "created": "2020-11-20T11:52:23.855Z",
    "modified": "2020-11-20T15:11:55.816Z",
    "is_active": true,
    "name": "publication-main-preview-DIPARTIMENTO",
    "description": "",
    "type": "cms.templates.blocks.HtmlBlock",
    "content": "{% load i18n %}\r\n{% load unicms_blocks %}\r\n\r\n<div class=\"row\">\r\n\r\n    <div class=\"col-12 col-lg-6\">\r\n        <div class=\"row negative-mt-5 mb-3\" >\r\n            <div class=\"col-12 col-md-6\">\r\n                <div class=\"section-title-label px-3 pt-3 pb-1\">\r\n                    <h5>{% trans \"tutto per gli studenti\" %}</h5>\r\n                </div>\r\n            </div>\r\n        </div>\r\n        {% load_publications_preview template=\"publications_preview_dipartimento_v3.html\" %}\r\n    </div>\r\n    \r\n    <div class=\"col-12 col-lg-3\">\r\n       <div class=\"row negative-mt-5 mb-3\" >\r\n            <div class=\"col-12\">\r\n                <div class=\"section-title-label px-3 pt-3 pb-1\">\r\n                    <h5>{% trans \"primo piano\" %}</h5>\r\n                </div>\r\n            </div>\r\n        </div>\r\n        {% load_publications_preview template=\"unical_portale_dipartimento_primo_piano_v3.html\" %}\r\n    </div>\r\n\r\n    <div class=\"col-12 col-lg-3\">\r\n        <div class=\"row negative-mt-5 mb-3\" >\r\n            <div class=\"col-12\">\r\n                <div class=\"px-3 pt-3 pb-1\">\r\n                    <h5>&nbsp;</h5>\r\n                </div>\r\n            </div>\r\n        </div>\r\n        {% include \"unical_portale_agenda.html\" %}\r\n    </div>\r\n    \r\n</div>"
  }
},
{
  "model": "cmstemplates.templateblock",
  "pk": 7,
  "fields": {
    "created": "2020-12-01T14:08:42.924Z",
    "modified": "2020-12-03T11:25:01.454Z",
    "is_active": true,
    "name": "Main Menu",
    "description": "",
    "type": "cms.templates.blocks.HtmlBlock",
    "content": "{% load unicms_menus %}\r\n{% load_menu section='menu-1' template=\"main_menu.html\" %}"
  }
},
{
  "model": "cmstemplates.templateblock",
  "pk": 8,
  "fields": {
    "created": "2020-12-03T07:50:54.509Z",
    "modified": "2020-12-03T07:59:38.782Z",
    "is_active": true,
    "name": "Publications Stacked",
    "description": "",
    "type": "cms.templates.blocks.HtmlBlock",
    "content": "{% load unicms_blocks %}\r\n\r\n{% load_publications_preview template=\"publications_preview_stacked_v3.html\" %}"
  }
},
{
  "model": "cmstemplates.templateblock",
  "pk": 9,
  "fields": {
    "created": "2020-12-03T11:25:38.126Z",
    "modified": "2020-12-03T14:38:05.144Z",
    "is_active": true,
    "name": "Side Menu (section 2)",
    "description": "menu in side column",
    "type": "cms.templates.blocks.HtmlBlock",
    "content": "{% load unicms_menus %}\r\n{% load_menu section=\"2\" template=\"side_menu.html\" %}"
  }
},
{
  "model": "cmstemplates.templateblock",
  "pk": 10,
  "fields": {
    "created": "2020-12-03T12:31:24.582Z",
    "modified": "2020-12-03T15:15:31.307Z",
    "is_active": true,
    "name": "Side Menu (section 3)",
    "description": "",
    "type": "cms.templates.blocks.HtmlBlock",
    "content": "{% load unicms_menus %}\r\n{% load_menu section=\"3\" template=\"side_menu.html\" %}"
  }
},
{
  "model": "cmstemplates.templateblock",
  "pk": 11,
  "fields": {
    "created": "2020-12-03T12:34:43.845Z",
    "modified": "2020-12-04T11:00:17.353Z",
    "is_active": true,
    "name": "OrientaUnical Logo",
    "description": "",
    "type": "cms.templates.blocks.HtmlBlock",
    "content": "<h1 class=\"super-bold bordeaux-unical-color\" style=\"font-size: 6rem; margin-bottom: 5px;line-height: 0.8;\">OU</h1>\r\n\r\n<p class=\"ml-1\">\r\n<b class=\"bordeaux-unical-color\">come accedere ai servizi</b>\r\n<br>\r\n<span class=\"bordeaux-unical-color super-bold\">Orienta-Unical</span>\r\n</p>"
  }
},
{
  "model": "cmstemplates.templateblock",
  "pk": 12,
  "fields": {
    "created": "2020-12-03T14:50:37.338Z",
    "modified": "2020-12-03T15:00:27.161Z",
    "is_active": true,
    "name": "Publications Stacked Expanded",
    "description": "",
    "type": "cms.templates.blocks.HtmlBlock",
    "content": "{% load unicms_blocks %}\r\n\r\n{% load_publications_preview template=\"publications_preview_stacked_big_v3.html\" %}"
  }
},
{
  "model": "cmstemplates.templateblock",
  "pk": 13,
  "fields": {
    "created": "2020-12-03T15:15:44.561Z",
    "modified": "2020-12-03T15:15:44.561Z",
    "is_active": true,
    "name": "Side Menu (section 4)",
    "description": "",
    "type": "cms.templates.blocks.HtmlBlock",
    "content": "{% load unicms_menus %}\r\n{% load_menu section=\"4\" template=\"side_menu.html\" %}"
  }
},
{
  "model": "cmstemplates.templateblock",
  "pk": 14,
  "fields": {
    "created": "2020-12-03T15:51:10.374Z",
    "modified": "2020-12-03T15:51:10.374Z",
    "is_active": true,
    "name": "HR line Bordeaux",
    "description": "",
    "type": "cms.templates.blocks.HtmlBlock",
    "content": "<hr class=\"my-5 bordeaux-unical-bg\">"
  }
},
{
  "model": "cmstemplates.templateblock",
  "pk": 15,
  "fields": {
    "created": "2020-12-03T17:19:12.700Z",
    "modified": "2020-12-03T17:32:06.154Z",
    "is_active": true,
    "name": "Menu Childs in tags (menu-2)",
    "description": "",
    "type": "cms.templates.blocks.HtmlBlock",
    "content": "{% load unicms_menus %}\r\n{% load_menu section=\"menu-2\" template=\"menu_tags_expanded_v3.html\" %}"
  }
},
{
  "model": "cmstemplates.templateblock",
  "pk": 16,
  "fields": {
    "created": "2020-12-03T17:32:17.772Z",
    "modified": "2020-12-03T17:32:17.772Z",
    "is_active": true,
    "name": "Menu Childs in tags (menu-3)",
    "description": "",
    "type": "cms.templates.blocks.HtmlBlock",
    "content": "{% load unicmsm_enus %}\r\n{% load_menu section=\"menu-3\" template=\"menu_tags_expanded_v3.html\" %}"
  }
},
{
  "model": "cmstemplates.templateblock",
  "pk": 17,
  "fields": {
    "created": "2020-12-03T17:48:34.475Z",
    "modified": "2020-12-03T17:53:16.151Z",
    "is_active": true,
    "name": "Futuri studenti - ammissione",
    "description": "",
    "type": "cms.templates.blocks.HtmlBlock",
    "content": "<div class=\"mb-3\"><b>Lauree Magistrali - Bandi a.a. 2020-21</b></div>\r\n<div>\r\nLM Gestione e conservazione dei documenti digitali: graduatoria definitiva\r\n<br>\r\nLM DIMES: riapertura domande di ammissione\r\n<br>\r\nLM Ingegneria per l'ambiente e il territorio: riapertura domande di ammissione\r\n<br>\r\nLM Ingegneria Civile: riapertura domande di ammissione\r\n<br>\r\nLM DISU: immatricolazione laureati ottobre 2020\r\n<br>\r\nLM Scienza della Nutrizione: incremento posti\r\n<br>\r\nImmatricolazioni LM Economia aziendale e management: laureandi idonei in graduatoria\r\n</div>\r\n<div class=\"my-3\"><b>Bandi Corsi di laurea magistrale a ciclo unico con vincoli ministeriali/d'ateneo</b></div>\r\n\r\n<div>\r\nCONCORSO AMMISSIONE A.A. 2020/2021\r\n<br>\r\nLAUREA MAGISTRALE IN SCIENZA DELLA NUTRIZIONE\r\n<br>\r\nGRADUATORIE DEFINITIVE E GRADUATORIA BORSE DI STUDIO\r\n<br>\r\nPERCORSO IN INGLESE NUTRITIONAL SCIENCES\r\n\r\n<br>\r\n<br>\r\nBANDO DI AMMISSIONE SCIENZE DELLA FORMAZIONE PRIMARIA 2020/2021\r\n<br>\r\nGRADUATORIA DEFINITIVA SFP 2020/2021\r\n<br>\r\nPRIMO SCORRIMENTO SFP\r\n<br>\r\n3/11/2020 - SECONDO SCORRIMENTO SFP\r\n<br>\r\n<br>\r\nQ&A\r\n<br>\r\nQuando sarà possibile compilare la domanda di ammissione per l'Università della Calabria?\r\nTrovi le date di apertura/chiusura delle domande di ammissione nel bando di tuo interesse.\r\nuali sono i requisiti per l'ammissione?\r\n<br>\r\nTrovi i requisiti di ammissione per ogni corso di studi negli allegati dei singoli dipartimenti.\r\n<br>\r\nQuando saprò se sono ammesso?\r\n<br>\r\nAttendi la pubblicazione delle graduatorie, consulta le date nel Bando di Ammissione.\r\n<br>\r\nCosa dovrò fare se risulto vincitore?\r\n<br>\r\nQuanto pagherò di tasse?\r\n<br>\r\n<br>\r\nLEGGI LA GUIDA SINTETICA\r\n</div>"
  }
},
{
  "model": "cmstemplates.templateblock",
  "pk": 18,
  "fields": {
    "created": "2020-12-06T15:12:04.343Z",
    "modified": "2020-12-06T15:29:12.483Z",
    "is_active": true,
    "name": "Motore di Ricerca",
    "description": "search engine",
    "type": "cms.templates.blocks.HtmlBlock",
    "content": "{% include \"search_engine.html\" %}"
  }
},
{
  "model": "cmstemplates.pagetemplateblock",
  "pk": 1,
  "fields": {
    "created": "2020-11-18T14:59:39.901Z",
    "modified": "2020-11-18T14:59:39.901Z",
    "order": 10,
    "is_active": true,
    "template": 1,
    "block": 1,
    "section": "1"
  }
},
{
  "model": "cmstemplates.pagetemplateblock",
  "pk": 2,
  "fields": {
    "created": "2020-11-18T15:15:05.043Z",
    "modified": "2020-11-18T15:15:05.043Z",
    "order": 5,
    "is_active": true,
    "template": 1,
    "block": 2,
    "section": "slider"
  }
},
{
  "model": "cmstemplates.pagetemplateblock",
  "pk": 3,
  "fields": {
    "created": "2020-11-18T15:15:05.043Z",
    "modified": "2020-11-18T15:17:44.075Z",
    "order": 40,
    "is_active": true,
    "template": 1,
    "block": 3,
    "section": "2"
  }
},
{
  "model": "cmstemplates.pagetemplateblock",
  "pk": 4,
  "fields": {
    "created": "2020-11-18T15:15:05.043Z",
    "modified": "2020-11-18T15:15:10.212Z",
    "order": 30,
    "is_active": true,
    "template": 1,
    "block": 4,
    "section": "1"
  }
},
{
  "model": "cmstemplates.pagetemplateblock",
  "pk": 5,
  "fields": {
    "created": "2020-11-20T09:59:33.051Z",
    "modified": "2020-11-20T09:59:33.051Z",
    "order": 10,
    "is_active": true,
    "template": 2,
    "block": 2,
    "section": "slider"
  }
},
{
  "model": "cmstemplates.pagetemplateblock",
  "pk": 6,
  "fields": {
    "created": "2020-11-20T11:52:46.129Z",
    "modified": "2020-11-20T11:52:46.129Z",
    "order": 10,
    "is_active": true,
    "template": 2,
    "block": 6,
    "section": "1"
  }
},
{
  "model": "cmstemplates.pagetemplateblock",
  "pk": 7,
  "fields": {
    "created": "2020-12-01T14:08:55.143Z",
    "modified": "2020-12-01T14:08:55.143Z",
    "order": 1,
    "is_active": true,
    "template": 1,
    "block": 7,
    "section": "menu-1"
  }
},
{
  "model": "cmstemplates.pagetemplateblock",
  "pk": 8,
  "fields": {
    "created": "2020-12-01T14:59:28.480Z",
    "modified": "2020-12-01T14:59:28.480Z",
    "order": 10,
    "is_active": true,
    "template": 2,
    "block": 7,
    "section": "menu-1"
  }
},
{
  "model": "cmstemplates.pagetemplateblock",
  "pk": 9,
  "fields": {
    "created": "2020-12-03T07:23:32.508Z",
    "modified": "2020-12-03T07:23:32.508Z",
    "order": 10,
    "is_active": true,
    "template": 3,
    "block": 7,
    "section": "menu-1"
  }
},
{
  "model": "cmstemplates.pagetemplateblock",
  "pk": 10,
  "fields": {
    "created": "2020-12-03T07:51:02.326Z",
    "modified": "2020-12-03T07:51:02.326Z",
    "order": 10,
    "is_active": true,
    "template": 3,
    "block": 8,
    "section": "1"
  }
},
{
  "model": "cmstemplates.pagetemplateblock",
  "pk": 12,
  "fields": {
    "created": "2020-12-03T14:50:39.474Z",
    "modified": "2020-12-03T14:50:39.474Z",
    "order": 10,
    "is_active": true,
    "template": 4,
    "block": 7,
    "section": "menu-1"
  }
},
{
  "model": "cmstemplates.pagetemplateblock",
  "pk": 13,
  "fields": {
    "created": "2020-12-03T14:50:39.475Z",
    "modified": "2020-12-03T15:01:45.601Z",
    "order": 10,
    "is_active": true,
    "template": 4,
    "block": 12,
    "section": "1"
  }
},
{
  "model": "cmstemplates.pagetemplateblock",
  "pk": 15,
  "fields": {
    "created": "2020-12-06T15:27:09.964Z",
    "modified": "2020-12-06T15:27:09.964Z",
    "order": 10,
    "is_active": true,
    "template": 6,
    "block": 18,
    "section": "1"
  }
},
{
  "model": "cmscarousels.carousel",
  "pk": 1,
  "fields": {
    "created": "2020-10-30T16:33:34.047Z",
    "modified": "2020-11-02T10:45:06.229Z",
    "is_active": true,
    "name": "Portale Unical Home",
    "description": "Carosello principale di immagini e notizie",
    "created_by": null,
    "modified_by": null
  }
},
{
  "model": "cmscarousels.carouselitem",
  "pk": 1,
  "fields": {
    "created": "2020-10-30T16:35:38.477Z",
    "modified": "2020-11-02T10:45:06.234Z",
    "order": 1,
    "is_active": true,
    "carousel": 1,
    "image": 1,
    "pre_heading": "Benvenuti",
    "heading": "Questa è una Intestazione",
    "description": "Questo è il corpo del messaggio."
  }
},
{
  "model": "cmscarousels.carouselitem",
  "pk": 2,
  "fields": {
    "created": "2020-10-31T13:54:29.853Z",
    "modified": "2020-11-02T10:44:42.912Z",
    "order": 2,
    "is_active": true,
    "carousel": 1,
    "image": 2,
    "pre_heading": "Studenti",
    "heading": "Altro elemento",
    "description": "La foto di background viene automaticamente rivestita di un overlay grigio per migliorare il contrasto con il testo in sovraimpressione. In caso di assenza di testo la foto non verrà scurita."
  }
},
{
  "model": "cmscarousels.carouselitem",
  "pk": 3,
  "fields": {
    "created": "2020-10-31T15:04:48.019Z",
    "modified": "2020-11-02T10:45:06.232Z",
    "order": 0,
    "is_active": true,
    "carousel": 1,
    "image": 3,
    "pre_heading": "Per gli studenti",
    "heading": "Innovare non è un'opzione",
    "description": "E possibile definire l'ordine di apparizione degli elementi di carousel con un semplice drag and drop"
  }
},
{
  "model": "cmscarousels.carouselitemlocalization",
  "pk": 1,
  "fields": {
    "created": "2020-10-30T16:43:19.241Z",
    "modified": "2020-10-30T16:43:19.241Z",
    "order": 0,
    "is_active": true,
    "carousel_item": 1,
    "language": "en",
    "pre_heading": "Welcome",
    "heading": "that thing",
    "description": ""
  }
},
{
  "model": "cmscarousels.carouselitemlocalization",
  "pk": 2,
  "fields": {
    "created": "2020-11-02T09:34:48.487Z",
    "modified": "2020-11-02T09:34:48.487Z",
    "order": 0,
    "is_active": true,
    "carousel_item": 3,
    "language": "en",
    "pre_heading": "Students first",
    "heading": "Innovation is not an option",
    "description": "We can even control the order of the carousel items and modify it with a simple drag and drop, via backend"
  }
},
{
  "model": "cmscarousels.carouselitemlink",
  "pk": 1,
  "fields": {
    "created": "2020-10-31T14:05:01.913Z",
    "modified": "2020-10-31T14:14:51.624Z",
    "order": 0,
    "is_active": true,
    "carousel_item": 1,
    "title_preset": "read more",
    "title": null,
    "url": "#"
  }
},
{
  "model": "cmscarousels.carouselitemlink",
  "pk": 2,
  "fields": {
    "created": "2020-11-02T09:32:19.175Z",
    "modified": "2020-11-02T09:32:19.175Z",
    "order": 0,
    "is_active": true,
    "carousel_item": 3,
    "title_preset": "read more",
    "title": null,
    "url": "#"
  }
},
{
  "model": "cmsmenus.navigationbar",
  "pk": 1,
  "fields": {
    "created": "2020-10-30T14:06:46.447Z",
    "modified": "2020-12-03T07:15:13.877Z",
    "is_active": true,
    "name": "Unical Portale - Menu principale",
    "created_by": null,
    "modified_by": null
  }
},
{
  "model": "cmsmenus.navigationbar",
  "pk": 2,
  "fields": {
    "created": "2020-11-02T09:42:43.659Z",
    "modified": "2020-11-02T09:43:31.256Z",
    "is_active": true,
    "name": "Unical Portale Menu Secondario",
    "created_by": null,
    "modified_by": null
  }
},
{
  "model": "cmsmenus.navigationbar",
  "pk": 18,
  "fields": {
    "created": "2020-11-20T10:28:27.095Z",
    "modified": "2020-11-20T10:28:27.095Z",
    "is_active": true,
    "name": "DIMES - Menu secondario",
    "created_by": null,
    "modified_by": null
  }
},
{
  "model": "cmsmenus.navigationbar",
  "pk": 19,
  "fields": {
    "created": "2020-11-20T17:15:19.394Z",
    "modified": "2020-11-20T17:15:35.907Z",
    "is_active": true,
    "name": "DIMES - Menu Principale",
    "created_by": null,
    "modified_by": null
  }
},
{
  "model": "cmsmenus.navigationbar",
  "pk": 20,
  "fields": {
    "created": "2020-12-03T12:09:16.230Z",
    "modified": "2020-12-03T12:29:04.072Z",
    "is_active": true,
    "name": "Visita il campus",
    "created_by": null,
    "modified_by": null
  }
},
{
  "model": "cmsmenus.navigationbar",
  "pk": 21,
  "fields": {
    "created": "2020-12-03T12:30:13.023Z",
    "modified": "2020-12-03T15:33:02.806Z",
    "is_active": true,
    "name": "Vivere nel/il Campus",
    "created_by": null,
    "modified_by": null
  }
},
{
  "model": "cmsmenus.navigationbar",
  "pk": 22,
  "fields": {
    "created": "2020-12-03T15:16:35.412Z",
    "modified": "2020-12-03T15:32:50.974Z",
    "is_active": true,
    "name": "Portale Unical SIDE - I servizi",
    "created_by": null,
    "modified_by": null
  }
},
{
  "model": "cmsmenus.navigationbar",
  "pk": 23,
  "fields": {
    "created": "2020-12-03T17:30:13.858Z",
    "modified": "2020-12-03T17:31:27.088Z",
    "is_active": true,
    "name": "Servizi / Futuri Studenti",
    "created_by": null,
    "modified_by": null
  }
},
{
  "model": "cmsmenus.navigationbaritem",
  "pk": 1,
  "fields": {
    "created": "2020-10-29T09:18:53.178Z",
    "modified": "2020-11-19T09:19:24.028Z",
    "order": 2,
    "is_active": true,
    "menu": 1,
    "name": "Ateneo",
    "webpath": null,
    "parent": null,
    "url": null,
    "publication": null,
    "inherited_content": null,
    "created_by": null,
    "modified_by": null
  }
},
{
  "model": "cmsmenus.navigationbaritem",
  "pk": 2,
  "fields": {
    "created": "2020-10-29T09:19:21.186Z",
    "modified": "2020-11-12T16:35:29.106Z",
    "order": 0,
    "is_active": true,
    "menu": 1,
    "name": "Didattica",
    "webpath": null,
    "parent": null,
    "url": null,
    "publication": null,
    "inherited_content": null,
    "created_by": null,
    "modified_by": null
  }
},
{
  "model": "cmsmenus.navigationbaritem",
  "pk": 3,
  "fields": {
    "created": "2020-10-29T09:19:36.099Z",
    "modified": "2020-11-18T17:54:29.541Z",
    "order": 1,
    "is_active": true,
    "menu": 1,
    "name": "Campus",
    "webpath": null,
    "parent": null,
    "url": null,
    "publication": null,
    "inherited_content": null,
    "created_by": null,
    "modified_by": null
  }
},
{
  "model": "cmsmenus.navigationbaritem",
  "pk": 4,
  "fields": {
    "created": "2020-10-29T09:19:48.538Z",
    "modified": "2020-11-19T09:45:36.247Z",
    "order": 4,
    "is_active": true,
    "menu": 1,
    "name": "Ricerca",
    "webpath": null,
    "parent": null,
    "url": null,
    "publication": null,
    "inherited_content": null,
    "created_by": null,
    "modified_by": null
  }
},
{
  "model": "cmsmenus.navigationbaritem",
  "pk": 5,
  "fields": {
    "created": "2020-10-29T09:20:02.598Z",
    "modified": "2020-11-19T09:45:36.249Z",
    "order": 5,
    "is_active": true,
    "menu": 1,
    "name": "Innovazione",
    "webpath": null,
    "parent": null,
    "url": null,
    "publication": null,
    "inherited_content": null,
    "created_by": null,
    "modified_by": null
  }
},
{
  "model": "cmsmenus.navigationbaritem",
  "pk": 6,
  "fields": {
    "created": "2020-10-29T09:20:19.287Z",
    "modified": "2020-11-19T09:45:36.244Z",
    "order": 3,
    "is_active": true,
    "menu": 1,
    "name": "Internazionale",
    "webpath": null,
    "parent": null,
    "url": null,
    "publication": null,
    "inherited_content": null,
    "created_by": null,
    "modified_by": null
  }
},
{
  "model": "cmsmenus.navigationbaritem",
  "pk": 7,
  "fields": {
    "created": "2020-10-29T09:27:04.167Z",
    "modified": "2020-12-02T11:00:15.175Z",
    "order": 7,
    "is_active": true,
    "menu": 1,
    "name": "Lauree Triennali",
    "webpath": null,
    "parent": 15,
    "url": "#",
    "publication": null,
    "inherited_content": null,
    "created_by": null,
    "modified_by": null
  }
},
{
  "model": "cmsmenus.navigationbaritem",
  "pk": 8,
  "fields": {
    "created": "2020-10-29T09:28:17.305Z",
    "modified": "2020-12-02T11:00:15.179Z",
    "order": 8,
    "is_active": true,
    "menu": 1,
    "name": "Lauree Magistrali a ciclo unico",
    "webpath": null,
    "parent": 15,
    "url": "#",
    "publication": null,
    "inherited_content": null,
    "created_by": null,
    "modified_by": null
  }
},
{
  "model": "cmsmenus.navigationbaritem",
  "pk": 9,
  "fields": {
    "created": "2020-10-29T09:29:16.363Z",
    "modified": "2020-12-02T11:00:15.182Z",
    "order": 9,
    "is_active": true,
    "menu": 1,
    "name": "Lauree Magistrali",
    "webpath": null,
    "parent": 15,
    "url": "#",
    "publication": null,
    "inherited_content": null,
    "created_by": null,
    "modified_by": null
  }
},
{
  "model": "cmsmenus.navigationbaritem",
  "pk": 12,
  "fields": {
    "created": "2020-11-02T09:43:31.257Z",
    "modified": "2020-11-02T09:43:31.257Z",
    "order": 0,
    "is_active": true,
    "menu": 2,
    "name": "my Unical",
    "webpath": null,
    "parent": null,
    "url": "#",
    "publication": null,
    "inherited_content": null,
    "created_by": null,
    "modified_by": null
  }
},
{
  "model": "cmsmenus.navigationbaritem",
  "pk": 13,
  "fields": {
    "created": "2020-11-02T09:43:31.258Z",
    "modified": "2020-11-02T09:43:31.258Z",
    "order": 1,
    "is_active": true,
    "menu": 2,
    "name": "Orienta Unical",
    "webpath": null,
    "parent": null,
    "url": "#",
    "publication": null,
    "inherited_content": null,
    "created_by": null,
    "modified_by": null
  }
},
{
  "model": "cmsmenus.navigationbaritem",
  "pk": 14,
  "fields": {
    "created": "2020-11-02T09:43:31.258Z",
    "modified": "2020-11-02T09:43:31.258Z",
    "order": 2,
    "is_active": true,
    "menu": 2,
    "name": "Unical Store",
    "webpath": null,
    "parent": null,
    "url": "#",
    "publication": null,
    "inherited_content": null,
    "created_by": null,
    "modified_by": null
  }
},
{
  "model": "cmsmenus.navigationbaritem",
  "pk": 15,
  "fields": {
    "created": "2020-11-12T15:59:19.881Z",
    "modified": "2020-12-03T07:25:00.784Z",
    "order": 6,
    "is_active": true,
    "menu": 1,
    "name": "Offerta Formativa",
    "webpath": 7,
    "parent": 2,
    "url": null,
    "publication": null,
    "inherited_content": 5,
    "created_by": null,
    "modified_by": null
  }
},
{
  "model": "cmsmenus.navigationbaritem",
  "pk": 16,
  "fields": {
    "created": "2020-11-12T16:09:30.409Z",
    "modified": "2020-12-02T11:00:15.188Z",
    "order": 11,
    "is_active": true,
    "menu": 1,
    "name": "Dottorati",
    "webpath": null,
    "parent": 15,
    "url": "#",
    "publication": null,
    "inherited_content": null,
    "created_by": null,
    "modified_by": null
  }
},
{
  "model": "cmsmenus.navigationbaritem",
  "pk": 19,
  "fields": {
    "created": "2020-11-12T16:09:30.410Z",
    "modified": "2020-12-02T14:52:50.808Z",
    "order": 12,
    "is_active": true,
    "menu": 1,
    "name": "Master e Alta formazione",
    "webpath": null,
    "parent": 15,
    "url": "#",
    "publication": null,
    "inherited_content": null,
    "created_by": null,
    "modified_by": null
  }
},
{
  "model": "cmsmenus.navigationbaritem",
  "pk": 21,
  "fields": {
    "created": "2020-11-12T16:26:45.451Z",
    "modified": "2020-12-02T11:55:13.735Z",
    "order": 14,
    "is_active": true,
    "menu": 1,
    "name": "Iscrizioni e diritto allo studio",
    "webpath": null,
    "parent": 2,
    "url": null,
    "publication": null,
    "inherited_content": null,
    "created_by": null,
    "modified_by": null
  }
},
{
  "model": "cmsmenus.navigationbaritem",
  "pk": 22,
  "fields": {
    "created": "2020-11-12T16:26:45.451Z",
    "modified": "2020-12-02T15:03:59.973Z",
    "order": 15,
    "is_active": true,
    "menu": 1,
    "name": "Ammissione, iscrizioni",
    "webpath": null,
    "parent": 21,
    "url": "#",
    "publication": null,
    "inherited_content": null,
    "created_by": null,
    "modified_by": null
  }
},
{
  "model": "cmsmenus.navigationbaritem",
  "pk": 23,
  "fields": {
    "created": "2020-11-12T16:26:45.451Z",
    "modified": "2020-12-02T15:03:59.975Z",
    "order": 16,
    "is_active": true,
    "menu": 1,
    "name": "Trasferimenti e passaggi di corso",
    "webpath": null,
    "parent": 21,
    "url": "#",
    "publication": null,
    "inherited_content": null,
    "created_by": null,
    "modified_by": null
  }
},
{
  "model": "cmsmenus.navigationbaritem",
  "pk": 24,
  "fields": {
    "created": "2020-11-12T16:26:45.452Z",
    "modified": "2020-12-02T11:55:48.718Z",
    "order": 18,
    "is_active": true,
    "menu": 1,
    "name": "Borse e servizi di supporto",
    "webpath": null,
    "parent": 21,
    "url": "#",
    "publication": null,
    "inherited_content": null,
    "created_by": null,
    "modified_by": null
  }
},
{
  "model": "cmsmenus.navigationbaritem",
  "pk": 25,
  "fields": {
    "created": "2020-11-12T16:26:45.452Z",
    "modified": "2020-12-02T11:55:48.721Z",
    "order": 19,
    "is_active": true,
    "menu": 1,
    "name": "Servizi per studenti con disabilità, DSA e BES",
    "webpath": null,
    "parent": 21,
    "url": "#",
    "publication": null,
    "inherited_content": null,
    "created_by": null,
    "modified_by": null
  }
},
{
  "model": "cmsmenus.navigationbaritem",
  "pk": 26,
  "fields": {
    "created": "2020-11-12T16:28:25.860Z",
    "modified": "2020-12-03T10:48:00.222Z",
    "order": 21,
    "is_active": true,
    "menu": 1,
    "name": "I servizi",
    "webpath": 8,
    "parent": 3,
    "url": null,
    "publication": null,
    "inherited_content": null,
    "created_by": null,
    "modified_by": null
  }
},
{
  "model": "cmsmenus.navigationbaritem",
  "pk": 27,
  "fields": {
    "created": "2020-11-12T16:28:25.860Z",
    "modified": "2020-12-02T15:09:13.971Z",
    "order": 22,
    "is_active": true,
    "menu": 1,
    "name": "Vivere nel/il campus",
    "webpath": null,
    "parent": 3,
    "url": "#",
    "publication": null,
    "inherited_content": null,
    "created_by": null,
    "modified_by": null
  }
},
{
  "model": "cmsmenus.navigationbaritem",
  "pk": 28,
  "fields": {
    "created": "2020-11-12T16:29:52.952Z",
    "modified": "2020-12-02T15:10:18.368Z",
    "order": 28,
    "is_active": true,
    "menu": 1,
    "name": "RiMuseum",
    "webpath": null,
    "parent": 27,
    "url": null,
    "publication": null,
    "inherited_content": null,
    "created_by": null,
    "modified_by": null
  }
},
{
  "model": "cmsmenus.navigationbaritem",
  "pk": 29,
  "fields": {
    "created": "2020-11-12T16:29:52.953Z",
    "modified": "2020-12-02T15:07:42.627Z",
    "order": 29,
    "is_active": true,
    "menu": 1,
    "name": "Futuri studenti",
    "webpath": null,
    "parent": 26,
    "url": "#",
    "publication": null,
    "inherited_content": null,
    "created_by": null,
    "modified_by": null
  }
},
{
  "model": "cmsmenus.navigationbaritem",
  "pk": 30,
  "fields": {
    "created": "2020-11-12T16:29:52.953Z",
    "modified": "2020-12-02T15:07:42.629Z",
    "order": 30,
    "is_active": true,
    "menu": 1,
    "name": "Studenti iscritti",
    "webpath": null,
    "parent": 26,
    "url": "#",
    "publication": null,
    "inherited_content": null,
    "created_by": null,
    "modified_by": null
  }
},
{
  "model": "cmsmenus.navigationbaritem",
  "pk": 31,
  "fields": {
    "created": "2020-11-12T16:29:52.953Z",
    "modified": "2020-12-02T15:07:42.632Z",
    "order": 31,
    "is_active": true,
    "menu": 1,
    "name": "Laureati",
    "webpath": null,
    "parent": 26,
    "url": "#",
    "publication": null,
    "inherited_content": null,
    "created_by": null,
    "modified_by": null
  }
},
{
  "model": "cmsmenus.navigationbaritem",
  "pk": 32,
  "fields": {
    "created": "2020-11-12T16:30:49.005Z",
    "modified": "2020-12-02T15:13:08.874Z",
    "order": 38,
    "is_active": true,
    "menu": 1,
    "name": "Storie e architettura",
    "webpath": null,
    "parent": 53,
    "url": "#",
    "publication": null,
    "inherited_content": null,
    "created_by": null,
    "modified_by": null
  }
},
{
  "model": "cmsmenus.navigationbaritem",
  "pk": 33,
  "fields": {
    "created": "2020-11-12T16:30:49.006Z",
    "modified": "2020-12-02T15:13:08.877Z",
    "order": 39,
    "is_active": true,
    "menu": 1,
    "name": "Territorio",
    "webpath": null,
    "parent": 53,
    "url": "#",
    "publication": null,
    "inherited_content": null,
    "created_by": null,
    "modified_by": null
  }
},
{
  "model": "cmsmenus.navigationbaritem",
  "pk": 34,
  "fields": {
    "created": "2020-11-12T16:30:49.006Z",
    "modified": "2020-12-02T15:13:08.881Z",
    "order": 40,
    "is_active": true,
    "menu": 1,
    "name": "Come arrivare",
    "webpath": null,
    "parent": 53,
    "url": "#",
    "publication": null,
    "inherited_content": null,
    "created_by": null,
    "modified_by": null
  }
},
{
  "model": "cmsmenus.navigationbaritem",
  "pk": 35,
  "fields": {
    "created": "2020-11-12T16:32:46.287Z",
    "modified": "2020-12-02T15:13:08.883Z",
    "order": 41,
    "is_active": true,
    "menu": 1,
    "name": "Mappa",
    "webpath": null,
    "parent": 53,
    "url": null,
    "publication": null,
    "inherited_content": null,
    "created_by": null,
    "modified_by": null
  }
},
{
  "model": "cmsmenus.navigationbaritem",
  "pk": 36,
  "fields": {
    "created": "2020-11-12T16:32:46.287Z",
    "modified": "2020-12-02T15:15:45.837Z",
    "order": 42,
    "is_active": true,
    "menu": 1,
    "name": "Organizzazione",
    "webpath": null,
    "parent": 1,
    "url": "#",
    "publication": null,
    "inherited_content": null,
    "created_by": null,
    "modified_by": null
  }
},
{
  "model": "cmsmenus.navigationbaritem",
  "pk": 37,
  "fields": {
    "created": "2020-11-12T16:32:46.288Z",
    "modified": "2020-12-02T15:16:32.907Z",
    "order": 43,
    "is_active": true,
    "menu": 1,
    "name": "Storia e Missione",
    "webpath": null,
    "parent": 36,
    "url": "#",
    "publication": null,
    "inherited_content": null,
    "created_by": null,
    "modified_by": null
  }
},
{
  "model": "cmsmenus.navigationbaritem",
  "pk": 38,
  "fields": {
    "created": "2020-11-12T16:32:46.288Z",
    "modified": "2020-12-02T15:17:37.837Z",
    "order": 44,
    "is_active": true,
    "menu": 1,
    "name": "Organi",
    "webpath": null,
    "parent": 36,
    "url": "#",
    "publication": null,
    "inherited_content": null,
    "created_by": null,
    "modified_by": null
  }
},
{
  "model": "cmsmenus.navigationbaritem",
  "pk": 39,
  "fields": {
    "created": "2020-11-12T16:32:46.289Z",
    "modified": "2020-12-02T15:17:37.841Z",
    "order": 45,
    "is_active": true,
    "menu": 1,
    "name": "Linee strategiche",
    "webpath": null,
    "parent": 36,
    "url": "#",
    "publication": null,
    "inherited_content": null,
    "created_by": null,
    "modified_by": null
  }
},
{
  "model": "cmsmenus.navigationbaritem",
  "pk": 40,
  "fields": {
    "created": "2020-11-12T16:34:22.931Z",
    "modified": "2020-12-03T07:15:13.994Z",
    "order": 47,
    "is_active": true,
    "menu": 1,
    "name": "Qualità didattica",
    "webpath": null,
    "parent": 36,
    "url": "#",
    "publication": null,
    "inherited_content": null,
    "created_by": null,
    "modified_by": null
  }
},
{
  "model": "cmsmenus.navigationbaritem",
  "pk": 41,
  "fields": {
    "created": "2020-11-12T16:34:22.932Z",
    "modified": "2020-12-03T07:15:13.999Z",
    "order": 48,
    "is_active": true,
    "menu": 1,
    "name": "Qualità ricerca",
    "webpath": null,
    "parent": 36,
    "url": "#",
    "publication": null,
    "inherited_content": null,
    "created_by": null,
    "modified_by": null
  }
},
{
  "model": "cmsmenus.navigationbaritem",
  "pk": 42,
  "fields": {
    "created": "2020-11-12T16:34:22.932Z",
    "modified": "2020-12-03T07:15:14.001Z",
    "order": 49,
    "is_active": true,
    "menu": 1,
    "name": "Statuto e regolamenti",
    "webpath": null,
    "parent": 36,
    "url": "#",
    "publication": null,
    "inherited_content": null,
    "created_by": null,
    "modified_by": null
  }
},
{
  "model": "cmsmenus.navigationbaritem",
  "pk": 45,
  "fields": {
    "created": "2020-11-12T16:38:06.977Z",
    "modified": "2020-12-03T07:15:14.006Z",
    "order": 51,
    "is_active": true,
    "menu": 1,
    "name": "Dipartimenti",
    "webpath": null,
    "parent": 46,
    "url": "#",
    "publication": null,
    "inherited_content": null,
    "created_by": null,
    "modified_by": null
  }
},
{
  "model": "cmsmenus.navigationbaritem",
  "pk": 46,
  "fields": {
    "created": "2020-11-12T16:38:06.978Z",
    "modified": "2020-12-03T07:15:14.004Z",
    "order": 50,
    "is_active": true,
    "menu": 1,
    "name": "Strutture",
    "webpath": null,
    "parent": 1,
    "url": null,
    "publication": null,
    "inherited_content": null,
    "created_by": null,
    "modified_by": null
  }
},
{
  "model": "cmsmenus.navigationbaritem",
  "pk": 47,
  "fields": {
    "created": "2020-11-12T16:38:06.978Z",
    "modified": "2020-12-03T07:15:14.009Z",
    "order": 52,
    "is_active": true,
    "menu": 1,
    "name": "Amministrazione e uffici",
    "webpath": null,
    "parent": 46,
    "url": "#",
    "publication": null,
    "inherited_content": null,
    "created_by": null,
    "modified_by": null
  }
},
{
  "model": "cmsmenus.navigationbaritem",
  "pk": 48,
  "fields": {
    "created": "2020-11-12T16:38:06.978Z",
    "modified": "2020-12-03T07:15:14.012Z",
    "order": 53,
    "is_active": true,
    "menu": 1,
    "name": "Centro Residenziale",
    "webpath": null,
    "parent": 46,
    "url": "#",
    "publication": null,
    "inherited_content": null,
    "created_by": null,
    "modified_by": null
  }
},
{
  "model": "cmsmenus.navigationbaritem",
  "pk": 49,
  "fields": {
    "created": "2020-11-12T16:38:06.979Z",
    "modified": "2020-12-03T07:15:14.016Z",
    "order": 54,
    "is_active": true,
    "menu": 1,
    "name": "Scuola Superiore di Scienze Amministrazioni Pubbliche",
    "webpath": null,
    "parent": 46,
    "url": "#",
    "publication": null,
    "inherited_content": null,
    "created_by": null,
    "modified_by": null
  }
},
{
  "model": "cmsmenus.navigationbaritem",
  "pk": 50,
  "fields": {
    "created": "2020-11-12T16:38:06.979Z",
    "modified": "2020-12-03T07:15:14.019Z",
    "order": 55,
    "is_active": true,
    "menu": 1,
    "name": "Scuola di Specializzazione in Patologia Clinica",
    "webpath": null,
    "parent": 46,
    "url": "#",
    "publication": null,
    "inherited_content": null,
    "created_by": null,
    "modified_by": null
  }
},
{
  "model": "cmsmenus.navigationbaritem",
  "pk": 51,
  "fields": {
    "created": "2020-11-12T16:38:06.979Z",
    "modified": "2020-12-03T07:15:14.022Z",
    "order": 56,
    "is_active": true,
    "menu": 1,
    "name": "Centri",
    "webpath": null,
    "parent": 46,
    "url": "#",
    "publication": null,
    "inherited_content": null,
    "created_by": null,
    "modified_by": null
  }
},
{
  "model": "cmsmenus.navigationbaritem",
  "pk": 53,
  "fields": {
    "created": "2020-11-18T17:56:03.148Z",
    "modified": "2020-12-03T14:54:02.564Z",
    "order": 23,
    "is_active": true,
    "menu": 1,
    "name": "Visita il campus",
    "webpath": 9,
    "parent": 3,
    "url": null,
    "publication": null,
    "inherited_content": null,
    "created_by": null,
    "modified_by": null
  }
},
{
  "model": "cmsmenus.navigationbaritem",
  "pk": 54,
  "fields": {
    "created": "2020-11-18T17:56:03.149Z",
    "modified": "2020-12-02T15:10:18.355Z",
    "order": 24,
    "is_active": true,
    "menu": 1,
    "name": "Quartieri",
    "webpath": null,
    "parent": 27,
    "url": "#",
    "publication": null,
    "inherited_content": null,
    "created_by": null,
    "modified_by": null
  }
},
{
  "model": "cmsmenus.navigationbaritem",
  "pk": 55,
  "fields": {
    "created": "2020-11-18T17:56:03.149Z",
    "modified": "2020-12-02T15:10:18.358Z",
    "order": 25,
    "is_active": true,
    "menu": 1,
    "name": "Residenze",
    "webpath": null,
    "parent": 27,
    "url": "#",
    "publication": null,
    "inherited_content": null,
    "created_by": null,
    "modified_by": null
  }
},
{
  "model": "cmsmenus.navigationbaritem",
  "pk": 56,
  "fields": {
    "created": "2020-11-18T17:56:03.149Z",
    "modified": "2020-12-02T15:10:18.361Z",
    "order": 26,
    "is_active": true,
    "menu": 1,
    "name": "Biblioteche",
    "webpath": null,
    "parent": 27,
    "url": "#",
    "publication": null,
    "inherited_content": null,
    "created_by": null,
    "modified_by": null
  }
},
{
  "model": "cmsmenus.navigationbaritem",
  "pk": 57,
  "fields": {
    "created": "2020-11-18T17:56:03.149Z",
    "modified": "2020-12-02T15:10:18.365Z",
    "order": 27,
    "is_active": true,
    "menu": 1,
    "name": "Museo storia naturale e Orto botanico",
    "webpath": null,
    "parent": 27,
    "url": "#",
    "publication": null,
    "inherited_content": null,
    "created_by": null,
    "modified_by": null
  }
},
{
  "model": "cmsmenus.navigationbaritem",
  "pk": 58,
  "fields": {
    "created": "2020-11-18T18:15:07.072Z",
    "modified": "2020-12-02T15:11:47.151Z",
    "order": 32,
    "is_active": true,
    "menu": 1,
    "name": "Teatri e cinema",
    "webpath": null,
    "parent": 27,
    "url": null,
    "publication": null,
    "inherited_content": null,
    "created_by": null,
    "modified_by": null
  }
},
{
  "model": "cmsmenus.navigationbaritem",
  "pk": 59,
  "fields": {
    "created": "2020-11-18T18:15:07.073Z",
    "modified": "2020-12-02T15:11:47.155Z",
    "order": 33,
    "is_active": true,
    "menu": 1,
    "name": "Centro Linguistico di Ateneo",
    "webpath": null,
    "parent": 27,
    "url": "#",
    "publication": null,
    "inherited_content": null,
    "created_by": null,
    "modified_by": null
  }
},
{
  "model": "cmsmenus.navigationbaritem",
  "pk": 60,
  "fields": {
    "created": "2020-11-18T18:15:07.073Z",
    "modified": "2020-12-02T15:11:47.158Z",
    "order": 34,
    "is_active": true,
    "menu": 1,
    "name": "Centro Sanitario",
    "webpath": null,
    "parent": 27,
    "url": "#",
    "publication": null,
    "inherited_content": null,
    "created_by": null,
    "modified_by": null
  }
},
{
  "model": "cmsmenus.navigationbaritem",
  "pk": 61,
  "fields": {
    "created": "2020-11-18T18:15:07.073Z",
    "modified": "2020-12-02T15:11:47.161Z",
    "order": 35,
    "is_active": true,
    "menu": 1,
    "name": "Centro Sportivo",
    "webpath": null,
    "parent": 27,
    "url": "#",
    "publication": null,
    "inherited_content": null,
    "created_by": null,
    "modified_by": null
  }
},
{
  "model": "cmsmenus.navigationbaritem",
  "pk": 62,
  "fields": {
    "created": "2020-11-18T18:15:07.073Z",
    "modified": "2020-12-02T15:11:47.163Z",
    "order": 36,
    "is_active": true,
    "menu": 1,
    "name": "Centro Congressi",
    "webpath": null,
    "parent": 27,
    "url": "#",
    "publication": null,
    "inherited_content": null,
    "created_by": null,
    "modified_by": null
  }
},
{
  "model": "cmsmenus.navigationbaritem",
  "pk": 103,
  "fields": {
    "created": "2020-11-19T09:49:06.005Z",
    "modified": "2020-12-03T07:15:13.991Z",
    "order": 46,
    "is_active": true,
    "menu": 1,
    "name": "Assicurazione di Qualità",
    "webpath": null,
    "parent": 36,
    "url": null,
    "publication": null,
    "inherited_content": null,
    "created_by": null,
    "modified_by": null
  }
},
{
  "model": "cmsmenus.navigationbaritem",
  "pk": 104,
  "fields": {
    "created": "2020-11-19T09:50:43.823Z",
    "modified": "2020-12-02T15:11:47.166Z",
    "order": 37,
    "is_active": true,
    "menu": 1,
    "name": "Polo d'infanzia",
    "webpath": null,
    "parent": 27,
    "url": null,
    "publication": null,
    "inherited_content": null,
    "created_by": null,
    "modified_by": null
  }
},
{
  "model": "cmsmenus.navigationbaritem",
  "pk": 186,
  "fields": {
    "created": "2020-11-20T10:28:27.095Z",
    "modified": "2020-11-20T10:28:27.096Z",
    "order": 0,
    "is_active": true,
    "menu": 18,
    "name": "my Dip",
    "webpath": null,
    "parent": null,
    "url": null,
    "publication": null,
    "inherited_content": null,
    "created_by": null,
    "modified_by": null
  }
},
{
  "model": "cmsmenus.navigationbaritem",
  "pk": 187,
  "fields": {
    "created": "2020-11-20T10:28:27.096Z",
    "modified": "2020-11-20T10:28:27.096Z",
    "order": 1,
    "is_active": true,
    "menu": 18,
    "name": "servizi per gli studenti",
    "webpath": null,
    "parent": null,
    "url": null,
    "publication": null,
    "inherited_content": null,
    "created_by": null,
    "modified_by": null
  }
},
{
  "model": "cmsmenus.navigationbaritem",
  "pk": 188,
  "fields": {
    "created": "2020-11-20T17:15:19.414Z",
    "modified": "2020-11-20T17:15:19.414Z",
    "order": 0,
    "is_active": true,
    "menu": 19,
    "name": "Dipartimento",
    "webpath": null,
    "parent": null,
    "url": null,
    "publication": null,
    "inherited_content": null,
    "created_by": null,
    "modified_by": null
  }
},
{
  "model": "cmsmenus.navigationbaritem",
  "pk": 189,
  "fields": {
    "created": "2020-11-20T17:15:19.427Z",
    "modified": "2020-11-20T17:15:35.933Z",
    "order": 5,
    "is_active": true,
    "menu": 19,
    "name": "presentazione",
    "webpath": null,
    "parent": 188,
    "url": "#",
    "publication": null,
    "inherited_content": null,
    "created_by": null,
    "modified_by": null
  }
},
{
  "model": "cmsmenus.navigationbaritem",
  "pk": 190,
  "fields": {
    "created": "2020-11-20T17:15:19.439Z",
    "modified": "2020-11-20T17:15:35.938Z",
    "order": 6,
    "is_active": true,
    "menu": 19,
    "name": "organizzazione",
    "webpath": null,
    "parent": 188,
    "url": "#",
    "publication": null,
    "inherited_content": null,
    "created_by": null,
    "modified_by": null
  }
},
{
  "model": "cmsmenus.navigationbaritem",
  "pk": 191,
  "fields": {
    "created": "2020-11-20T17:15:19.450Z",
    "modified": "2020-11-20T17:15:35.943Z",
    "order": 7,
    "is_active": true,
    "menu": 19,
    "name": "qualità e miglioramento",
    "webpath": null,
    "parent": 188,
    "url": "#",
    "publication": null,
    "inherited_content": null,
    "created_by": null,
    "modified_by": null
  }
},
{
  "model": "cmsmenus.navigationbaritem",
  "pk": 192,
  "fields": {
    "created": "2020-11-20T17:15:19.462Z",
    "modified": "2020-11-20T17:15:35.949Z",
    "order": 8,
    "is_active": true,
    "menu": 19,
    "name": "bandi e concorsi",
    "webpath": null,
    "parent": 188,
    "url": "#",
    "publication": null,
    "inherited_content": null,
    "created_by": null,
    "modified_by": null
  }
},
{
  "model": "cmsmenus.navigationbaritem",
  "pk": 193,
  "fields": {
    "created": "2020-11-20T17:15:19.474Z",
    "modified": "2020-11-20T17:15:35.953Z",
    "order": 9,
    "is_active": true,
    "menu": 19,
    "name": "dove siamo",
    "webpath": null,
    "parent": 188,
    "url": "#",
    "publication": null,
    "inherited_content": null,
    "created_by": null,
    "modified_by": null
  }
},
{
  "model": "cmsmenus.navigationbaritem",
  "pk": 194,
  "fields": {
    "created": "2020-11-20T17:15:19.488Z",
    "modified": "2020-11-20T17:15:19.488Z",
    "order": 1,
    "is_active": true,
    "menu": 19,
    "name": "Didattica",
    "webpath": null,
    "parent": null,
    "url": null,
    "publication": null,
    "inherited_content": null,
    "created_by": null,
    "modified_by": null
  }
},
{
  "model": "cmsmenus.navigationbaritem",
  "pk": 195,
  "fields": {
    "created": "2020-11-20T17:15:19.528Z",
    "modified": "2020-11-20T17:15:35.957Z",
    "order": 10,
    "is_active": true,
    "menu": 19,
    "name": "lauree triennali",
    "webpath": null,
    "parent": 194,
    "url": "#",
    "publication": null,
    "inherited_content": null,
    "created_by": null,
    "modified_by": null
  }
},
{
  "model": "cmsmenus.navigationbaritem",
  "pk": 196,
  "fields": {
    "created": "2020-11-20T17:15:19.554Z",
    "modified": "2020-11-20T17:15:35.966Z",
    "order": 11,
    "is_active": true,
    "menu": 19,
    "name": "lauree magistrali",
    "webpath": null,
    "parent": 194,
    "url": "#",
    "publication": null,
    "inherited_content": null,
    "created_by": null,
    "modified_by": null
  }
},
{
  "model": "cmsmenus.navigationbaritem",
  "pk": 197,
  "fields": {
    "created": "2020-11-20T17:15:19.572Z",
    "modified": "2020-11-20T17:15:35.971Z",
    "order": 12,
    "is_active": true,
    "menu": 19,
    "name": "corsi post laurea",
    "webpath": null,
    "parent": 194,
    "url": "#",
    "publication": null,
    "inherited_content": null,
    "created_by": null,
    "modified_by": null
  }
},
{
  "model": "cmsmenus.navigationbaritem",
  "pk": 198,
  "fields": {
    "created": "2020-11-20T17:15:19.585Z",
    "modified": "2020-11-20T17:15:35.977Z",
    "order": 13,
    "is_active": true,
    "menu": 19,
    "name": "dottorati di ricerca",
    "webpath": null,
    "parent": 194,
    "url": "#",
    "publication": null,
    "inherited_content": null,
    "created_by": null,
    "modified_by": null
  }
},
{
  "model": "cmsmenus.navigationbaritem",
  "pk": 199,
  "fields": {
    "created": "2020-11-20T17:15:19.596Z",
    "modified": "2020-11-20T17:15:19.596Z",
    "order": 2,
    "is_active": true,
    "menu": 19,
    "name": "Persone",
    "webpath": null,
    "parent": null,
    "url": null,
    "publication": null,
    "inherited_content": null,
    "created_by": null,
    "modified_by": null
  }
},
{
  "model": "cmsmenus.navigationbaritem",
  "pk": 200,
  "fields": {
    "created": "2020-11-20T17:15:19.613Z",
    "modified": "2020-11-20T17:15:36.026Z",
    "order": 22,
    "is_active": true,
    "menu": 19,
    "name": "docenti",
    "webpath": null,
    "parent": 199,
    "url": "#",
    "publication": null,
    "inherited_content": null,
    "created_by": null,
    "modified_by": null
  }
},
{
  "model": "cmsmenus.navigationbaritem",
  "pk": 201,
  "fields": {
    "created": "2020-11-20T17:15:19.625Z",
    "modified": "2020-11-20T17:15:36.031Z",
    "order": 23,
    "is_active": true,
    "menu": 19,
    "name": "personale tecnico amministrativo",
    "webpath": null,
    "parent": 199,
    "url": "#",
    "publication": null,
    "inherited_content": null,
    "created_by": null,
    "modified_by": null
  }
},
{
  "model": "cmsmenus.navigationbaritem",
  "pk": 202,
  "fields": {
    "created": "2020-11-20T17:15:19.636Z",
    "modified": "2020-11-20T17:15:36.034Z",
    "order": 24,
    "is_active": true,
    "menu": 19,
    "name": "dottorandi",
    "webpath": null,
    "parent": 199,
    "url": "#",
    "publication": null,
    "inherited_content": null,
    "created_by": null,
    "modified_by": null
  }
},
{
  "model": "cmsmenus.navigationbaritem",
  "pk": 203,
  "fields": {
    "created": "2020-11-20T17:15:19.648Z",
    "modified": "2020-11-20T17:15:36.037Z",
    "order": 25,
    "is_active": true,
    "menu": 19,
    "name": "assegnisti - collaboratori",
    "webpath": null,
    "parent": 199,
    "url": "#",
    "publication": null,
    "inherited_content": null,
    "created_by": null,
    "modified_by": null
  }
},
{
  "model": "cmsmenus.navigationbaritem",
  "pk": 204,
  "fields": {
    "created": "2020-11-20T17:15:19.659Z",
    "modified": "2020-11-20T17:15:19.659Z",
    "order": 3,
    "is_active": true,
    "menu": 19,
    "name": "Ricerca",
    "webpath": null,
    "parent": null,
    "url": null,
    "publication": null,
    "inherited_content": null,
    "created_by": null,
    "modified_by": null
  }
},
{
  "model": "cmsmenus.navigationbaritem",
  "pk": 205,
  "fields": {
    "created": "2020-11-20T17:15:19.671Z",
    "modified": "2020-11-20T17:15:35.994Z",
    "order": 17,
    "is_active": true,
    "menu": 19,
    "name": "ambiti",
    "webpath": null,
    "parent": 204,
    "url": "#",
    "publication": null,
    "inherited_content": null,
    "created_by": null,
    "modified_by": null
  }
},
{
  "model": "cmsmenus.navigationbaritem",
  "pk": 206,
  "fields": {
    "created": "2020-11-20T17:15:19.683Z",
    "modified": "2020-11-20T17:15:35.998Z",
    "order": 18,
    "is_active": true,
    "menu": 19,
    "name": "progetti",
    "webpath": null,
    "parent": 204,
    "url": "#",
    "publication": null,
    "inherited_content": null,
    "created_by": null,
    "modified_by": null
  }
},
{
  "model": "cmsmenus.navigationbaritem",
  "pk": 207,
  "fields": {
    "created": "2020-11-20T17:15:19.694Z",
    "modified": "2020-11-20T17:15:36.003Z",
    "order": 19,
    "is_active": true,
    "menu": 19,
    "name": "laboratori",
    "webpath": null,
    "parent": 204,
    "url": "#",
    "publication": null,
    "inherited_content": null,
    "created_by": null,
    "modified_by": null
  }
},
{
  "model": "cmsmenus.navigationbaritem",
  "pk": 208,
  "fields": {
    "created": "2020-11-20T17:15:19.706Z",
    "modified": "2020-11-20T17:15:36.011Z",
    "order": 20,
    "is_active": true,
    "menu": 19,
    "name": "dottorati",
    "webpath": null,
    "parent": 204,
    "url": "#",
    "publication": null,
    "inherited_content": null,
    "created_by": null,
    "modified_by": null
  }
},
{
  "model": "cmsmenus.navigationbaritem",
  "pk": 209,
  "fields": {
    "created": "2020-11-20T17:15:19.718Z",
    "modified": "2020-11-20T17:15:36.020Z",
    "order": 21,
    "is_active": true,
    "menu": 19,
    "name": "attività- risultati",
    "webpath": null,
    "parent": 204,
    "url": "#",
    "publication": null,
    "inherited_content": null,
    "created_by": null,
    "modified_by": null
  }
},
{
  "model": "cmsmenus.navigationbaritem",
  "pk": 210,
  "fields": {
    "created": "2020-11-20T17:15:19.732Z",
    "modified": "2020-11-20T17:15:19.732Z",
    "order": 4,
    "is_active": true,
    "menu": 19,
    "name": "Innovazione",
    "webpath": null,
    "parent": null,
    "url": null,
    "publication": null,
    "inherited_content": null,
    "created_by": null,
    "modified_by": null
  }
},
{
  "model": "cmsmenus.navigationbaritem",
  "pk": 211,
  "fields": {
    "created": "2020-11-20T17:15:19.744Z",
    "modified": "2020-11-20T17:15:35.984Z",
    "order": 14,
    "is_active": true,
    "menu": 19,
    "name": "imprese",
    "webpath": null,
    "parent": 210,
    "url": "#",
    "publication": null,
    "inherited_content": null,
    "created_by": null,
    "modified_by": null
  }
},
{
  "model": "cmsmenus.navigationbaritem",
  "pk": 212,
  "fields": {
    "created": "2020-11-20T17:15:19.757Z",
    "modified": "2020-11-20T17:15:35.987Z",
    "order": 15,
    "is_active": true,
    "menu": 19,
    "name": "cultura",
    "webpath": null,
    "parent": 210,
    "url": "#",
    "publication": null,
    "inherited_content": null,
    "created_by": null,
    "modified_by": null
  }
},
{
  "model": "cmsmenus.navigationbaritem",
  "pk": 213,
  "fields": {
    "created": "2020-11-20T17:15:19.771Z",
    "modified": "2020-11-20T17:15:35.990Z",
    "order": 16,
    "is_active": true,
    "menu": 19,
    "name": "società",
    "webpath": null,
    "parent": 210,
    "url": "#",
    "publication": null,
    "inherited_content": null,
    "created_by": null,
    "modified_by": null
  }
},
{
  "model": "cmsmenus.navigationbaritem",
  "pk": 214,
  "fields": {
    "created": "2020-12-02T07:57:48.514Z",
    "modified": "2020-12-02T11:00:15.184Z",
    "order": 10,
    "is_active": true,
    "menu": 1,
    "name": "Lauree in Lingua inglese",
    "webpath": null,
    "parent": 15,
    "url": "#",
    "publication": null,
    "inherited_content": null,
    "created_by": null,
    "modified_by": null
  }
},
{
  "model": "cmsmenus.navigationbaritem",
  "pk": 215,
  "fields": {
    "created": "2020-12-02T08:00:46.214Z",
    "modified": "2020-12-02T14:52:50.811Z",
    "order": 13,
    "is_active": true,
    "menu": 1,
    "name": "Formazione insegnanti",
    "webpath": null,
    "parent": 15,
    "url": "#",
    "publication": null,
    "inherited_content": null,
    "created_by": null,
    "modified_by": null
  }
},
{
  "model": "cmsmenus.navigationbaritem",
  "pk": 216,
  "fields": {
    "created": "2020-12-02T08:07:45.119Z",
    "modified": "2020-12-02T11:55:48.715Z",
    "order": 17,
    "is_active": true,
    "menu": 1,
    "name": "Frequentare i corsi",
    "webpath": null,
    "parent": 21,
    "url": "#",
    "publication": null,
    "inherited_content": null,
    "created_by": null,
    "modified_by": null
  }
},
{
  "model": "cmsmenus.navigationbaritem",
  "pk": 217,
  "fields": {
    "created": "2020-12-02T08:25:07.773Z",
    "modified": "2020-12-02T11:55:48.725Z",
    "order": 20,
    "is_active": true,
    "menu": 1,
    "name": "Orientamento",
    "webpath": null,
    "parent": 21,
    "url": "#",
    "publication": null,
    "inherited_content": null,
    "created_by": null,
    "modified_by": null
  }
},
{
  "model": "cmsmenus.navigationbaritem",
  "pk": 218,
  "fields": {
    "created": "2020-12-02T15:21:53.964Z",
    "modified": "2020-12-03T07:15:14.025Z",
    "order": 57,
    "is_active": true,
    "menu": 1,
    "name": "Cosmopolita da sempre",
    "webpath": null,
    "parent": 6,
    "url": null,
    "publication": null,
    "inherited_content": null,
    "created_by": null,
    "modified_by": null
  }
},
{
  "model": "cmsmenus.navigationbaritem",
  "pk": 219,
  "fields": {
    "created": "2020-12-02T15:23:13.931Z",
    "modified": "2020-12-03T07:15:14.028Z",
    "order": 58,
    "is_active": true,
    "menu": 1,
    "name": "Accordi internazionali",
    "webpath": null,
    "parent": 218,
    "url": null,
    "publication": null,
    "inherited_content": null,
    "created_by": null,
    "modified_by": null
  }
},
{
  "model": "cmsmenus.navigationbaritem",
  "pk": 220,
  "fields": {
    "created": "2020-12-02T15:23:13.932Z",
    "modified": "2020-12-03T07:15:14.031Z",
    "order": 59,
    "is_active": true,
    "menu": 1,
    "name": "Per studiare in Unical",
    "webpath": null,
    "parent": 218,
    "url": null,
    "publication": null,
    "inherited_content": null,
    "created_by": null,
    "modified_by": null
  }
},
{
  "model": "cmsmenus.navigationbaritem",
  "pk": 221,
  "fields": {
    "created": "2020-12-02T15:23:13.932Z",
    "modified": "2020-12-03T07:15:14.034Z",
    "order": 60,
    "is_active": true,
    "menu": 1,
    "name": "Studenti Unical verso l'estero",
    "webpath": null,
    "parent": 218,
    "url": null,
    "publication": null,
    "inherited_content": null,
    "created_by": null,
    "modified_by": null
  }
},
{
  "model": "cmsmenus.navigationbaritem",
  "pk": 222,
  "fields": {
    "created": "2020-12-02T15:23:13.932Z",
    "modified": "2020-12-03T07:15:14.036Z",
    "order": 61,
    "is_active": true,
    "menu": 1,
    "name": "Mobilità docenti, ricercatori e staff",
    "webpath": null,
    "parent": 218,
    "url": null,
    "publication": null,
    "inherited_content": null,
    "created_by": null,
    "modified_by": null
  }
},
{
  "model": "cmsmenus.navigationbaritem",
  "pk": 223,
  "fields": {
    "created": "2020-12-02T15:24:06.726Z",
    "modified": "2020-12-03T07:15:14.038Z",
    "order": 62,
    "is_active": true,
    "menu": 1,
    "name": "Un sistema all'avanguardia",
    "webpath": null,
    "parent": 4,
    "url": null,
    "publication": null,
    "inherited_content": null,
    "created_by": null,
    "modified_by": null
  }
},
{
  "model": "cmsmenus.navigationbaritem",
  "pk": 224,
  "fields": {
    "created": "2020-12-02T15:24:44.360Z",
    "modified": "2020-12-03T07:15:14.040Z",
    "order": 63,
    "is_active": true,
    "menu": 1,
    "name": "Strutture",
    "webpath": null,
    "parent": 223,
    "url": null,
    "publication": null,
    "inherited_content": null,
    "created_by": null,
    "modified_by": null
  }
},
{
  "model": "cmsmenus.navigationbaritem",
  "pk": 225,
  "fields": {
    "created": "2020-12-02T15:24:44.360Z",
    "modified": "2020-12-03T07:15:14.043Z",
    "order": 64,
    "is_active": true,
    "menu": 1,
    "name": "Macro ambiti",
    "webpath": null,
    "parent": 223,
    "url": null,
    "publication": null,
    "inherited_content": null,
    "created_by": null,
    "modified_by": null
  }
},
{
  "model": "cmsmenus.navigationbaritem",
  "pk": 226,
  "fields": {
    "created": "2020-12-02T15:24:44.361Z",
    "modified": "2020-12-03T07:15:14.045Z",
    "order": 65,
    "is_active": true,
    "menu": 1,
    "name": "Dottorati",
    "webpath": null,
    "parent": 223,
    "url": null,
    "publication": null,
    "inherited_content": null,
    "created_by": null,
    "modified_by": null
  }
},
{
  "model": "cmsmenus.navigationbaritem",
  "pk": 227,
  "fields": {
    "created": "2020-12-02T15:32:24.343Z",
    "modified": "2020-12-03T07:15:14.049Z",
    "order": 66,
    "is_active": true,
    "menu": 1,
    "name": "Energie per",
    "webpath": null,
    "parent": 5,
    "url": null,
    "publication": null,
    "inherited_content": null,
    "created_by": null,
    "modified_by": null
  }
},
{
  "model": "cmsmenus.navigationbaritem",
  "pk": 228,
  "fields": {
    "created": "2020-12-02T15:32:59.902Z",
    "modified": "2020-12-03T07:15:14.052Z",
    "order": 67,
    "is_active": true,
    "menu": 1,
    "name": "Le imprese",
    "webpath": null,
    "parent": 227,
    "url": null,
    "publication": null,
    "inherited_content": null,
    "created_by": null,
    "modified_by": null
  }
},
{
  "model": "cmsmenus.navigationbaritem",
  "pk": 229,
  "fields": {
    "created": "2020-12-02T15:32:59.903Z",
    "modified": "2020-12-03T07:15:14.054Z",
    "order": 68,
    "is_active": true,
    "menu": 1,
    "name": "Le culture",
    "webpath": null,
    "parent": 227,
    "url": null,
    "publication": null,
    "inherited_content": null,
    "created_by": null,
    "modified_by": null
  }
},
{
  "model": "cmsmenus.navigationbaritem",
  "pk": 230,
  "fields": {
    "created": "2020-12-02T15:32:59.903Z",
    "modified": "2020-12-03T07:15:14.057Z",
    "order": 69,
    "is_active": true,
    "menu": 1,
    "name": "La società",
    "webpath": null,
    "parent": 227,
    "url": null,
    "publication": null,
    "inherited_content": null,
    "created_by": null,
    "modified_by": null
  }
},
{
  "model": "cmsmenus.navigationbaritem",
  "pk": 231,
  "fields": {
    "created": "2020-12-03T12:10:40.004Z",
    "modified": "2020-12-03T12:29:04.078Z",
    "order": 1,
    "is_active": true,
    "menu": 20,
    "name": "storia e architettura",
    "webpath": null,
    "parent": 235,
    "url": "#",
    "publication": null,
    "inherited_content": null,
    "created_by": null,
    "modified_by": null
  }
},
{
  "model": "cmsmenus.navigationbaritem",
  "pk": 232,
  "fields": {
    "created": "2020-12-03T12:26:14.094Z",
    "modified": "2020-12-03T12:29:04.080Z",
    "order": 2,
    "is_active": true,
    "menu": 20,
    "name": "territorio",
    "webpath": null,
    "parent": 235,
    "url": null,
    "publication": null,
    "inherited_content": null,
    "created_by": null,
    "modified_by": null
  }
},
{
  "model": "cmsmenus.navigationbaritem",
  "pk": 233,
  "fields": {
    "created": "2020-12-03T12:26:14.095Z",
    "modified": "2020-12-03T12:29:04.083Z",
    "order": 3,
    "is_active": true,
    "menu": 20,
    "name": "come arrivare",
    "webpath": null,
    "parent": 235,
    "url": null,
    "publication": null,
    "inherited_content": null,
    "created_by": null,
    "modified_by": null
  }
},
{
  "model": "cmsmenus.navigationbaritem",
  "pk": 234,
  "fields": {
    "created": "2020-12-03T12:26:14.096Z",
    "modified": "2020-12-03T12:29:04.086Z",
    "order": 4,
    "is_active": true,
    "menu": 20,
    "name": "mappa",
    "webpath": null,
    "parent": 235,
    "url": null,
    "publication": null,
    "inherited_content": null,
    "created_by": null,
    "modified_by": null
  }
},
{
  "model": "cmsmenus.navigationbaritem",
  "pk": 235,
  "fields": {
    "created": "2020-12-03T12:28:43.081Z",
    "modified": "2020-12-03T14:52:45.507Z",
    "order": 0,
    "is_active": true,
    "menu": 20,
    "name": "visita il campus",
    "webpath": 9,
    "parent": null,
    "url": null,
    "publication": null,
    "inherited_content": null,
    "created_by": null,
    "modified_by": null
  }
},
{
  "model": "cmsmenus.navigationbaritem",
  "pk": 236,
  "fields": {
    "created": "2020-12-03T12:30:36.592Z",
    "modified": "2020-12-03T12:32:18.408Z",
    "order": 0,
    "is_active": true,
    "menu": 21,
    "name": "vivere nel/il campus",
    "webpath": null,
    "parent": null,
    "url": null,
    "publication": null,
    "inherited_content": null,
    "created_by": null,
    "modified_by": null
  }
},
{
  "model": "cmsmenus.navigationbaritem",
  "pk": 237,
  "fields": {
    "created": "2020-12-03T12:30:36.593Z",
    "modified": "2020-12-03T12:32:18.412Z",
    "order": 1,
    "is_active": true,
    "menu": 21,
    "name": "quartieri",
    "webpath": null,
    "parent": 236,
    "url": null,
    "publication": null,
    "inherited_content": null,
    "created_by": null,
    "modified_by": null
  }
},
{
  "model": "cmsmenus.navigationbaritem",
  "pk": 238,
  "fields": {
    "created": "2020-12-03T12:30:54.978Z",
    "modified": "2020-12-03T12:32:18.414Z",
    "order": 2,
    "is_active": true,
    "menu": 21,
    "name": "residenze",
    "webpath": null,
    "parent": 236,
    "url": null,
    "publication": null,
    "inherited_content": null,
    "created_by": null,
    "modified_by": null
  }
},
{
  "model": "cmsmenus.navigationbaritem",
  "pk": 239,
  "fields": {
    "created": "2020-12-03T12:30:54.979Z",
    "modified": "2020-12-03T12:32:18.417Z",
    "order": 3,
    "is_active": true,
    "menu": 21,
    "name": "biblioteche",
    "webpath": null,
    "parent": 236,
    "url": null,
    "publication": null,
    "inherited_content": null,
    "created_by": null,
    "modified_by": null
  }
},
{
  "model": "cmsmenus.navigationbaritem",
  "pk": 240,
  "fields": {
    "created": "2020-12-03T12:33:44.439Z",
    "modified": "2020-12-03T12:33:44.439Z",
    "order": 4,
    "is_active": true,
    "menu": 21,
    "name": "museo storia naturale e orto botanico",
    "webpath": null,
    "parent": 236,
    "url": null,
    "publication": null,
    "inherited_content": null,
    "created_by": null,
    "modified_by": null
  }
},
{
  "model": "cmsmenus.navigationbaritem",
  "pk": 241,
  "fields": {
    "created": "2020-12-03T12:33:44.440Z",
    "modified": "2020-12-03T12:33:44.440Z",
    "order": 5,
    "is_active": true,
    "menu": 21,
    "name": "rimuseum",
    "webpath": null,
    "parent": 236,
    "url": null,
    "publication": null,
    "inherited_content": null,
    "created_by": null,
    "modified_by": null
  }
},
{
  "model": "cmsmenus.navigationbaritem",
  "pk": 242,
  "fields": {
    "created": "2020-12-03T12:33:44.440Z",
    "modified": "2020-12-03T12:33:44.440Z",
    "order": 6,
    "is_active": true,
    "menu": 21,
    "name": "teatri e cinema",
    "webpath": null,
    "parent": 236,
    "url": null,
    "publication": null,
    "inherited_content": null,
    "created_by": null,
    "modified_by": null
  }
},
{
  "model": "cmsmenus.navigationbaritem",
  "pk": 243,
  "fields": {
    "created": "2020-12-03T12:33:44.440Z",
    "modified": "2020-12-03T12:33:44.440Z",
    "order": 7,
    "is_active": true,
    "menu": 21,
    "name": "centro linguistico di ateneo",
    "webpath": null,
    "parent": 236,
    "url": null,
    "publication": null,
    "inherited_content": null,
    "created_by": null,
    "modified_by": null
  }
},
{
  "model": "cmsmenus.navigationbaritem",
  "pk": 244,
  "fields": {
    "created": "2020-12-03T12:33:44.441Z",
    "modified": "2020-12-03T12:33:44.441Z",
    "order": 8,
    "is_active": true,
    "menu": 21,
    "name": "centro sanitario",
    "webpath": null,
    "parent": 236,
    "url": null,
    "publication": null,
    "inherited_content": null,
    "created_by": null,
    "modified_by": null
  }
},
{
  "model": "cmsmenus.navigationbaritem",
  "pk": 245,
  "fields": {
    "created": "2020-12-03T12:33:44.441Z",
    "modified": "2020-12-03T12:33:44.441Z",
    "order": 9,
    "is_active": true,
    "menu": 21,
    "name": "centro sportivo",
    "webpath": null,
    "parent": 236,
    "url": null,
    "publication": null,
    "inherited_content": null,
    "created_by": null,
    "modified_by": null
  }
},
{
  "model": "cmsmenus.navigationbaritem",
  "pk": 246,
  "fields": {
    "created": "2020-12-03T12:33:44.441Z",
    "modified": "2020-12-03T12:33:44.441Z",
    "order": 10,
    "is_active": true,
    "menu": 21,
    "name": "centro congressi",
    "webpath": null,
    "parent": 236,
    "url": null,
    "publication": null,
    "inherited_content": null,
    "created_by": null,
    "modified_by": null
  }
},
{
  "model": "cmsmenus.navigationbaritem",
  "pk": 247,
  "fields": {
    "created": "2020-12-03T12:33:44.441Z",
    "modified": "2020-12-03T12:33:44.441Z",
    "order": 11,
    "is_active": true,
    "menu": 21,
    "name": "polo d'infanzia",
    "webpath": null,
    "parent": 236,
    "url": null,
    "publication": null,
    "inherited_content": null,
    "created_by": null,
    "modified_by": null
  }
},
{
  "model": "cmsmenus.navigationbaritem",
  "pk": 248,
  "fields": {
    "created": "2020-12-03T15:16:35.412Z",
    "modified": "2020-12-03T15:32:29.301Z",
    "order": 0,
    "is_active": true,
    "menu": 22,
    "name": "I servizi",
    "webpath": null,
    "parent": null,
    "url": "//test.unical.it:8000/portale/campus/servizi/",
    "publication": null,
    "inherited_content": null,
    "created_by": null,
    "modified_by": null
  }
},
{
  "model": "cmsmenus.navigationbaritem",
  "pk": 249,
  "fields": {
    "created": "2020-12-03T15:17:01.417Z",
    "modified": "2020-12-03T17:26:11.627Z",
    "order": 1,
    "is_active": true,
    "menu": 22,
    "name": "futuri studenti",
    "webpath": 10,
    "parent": 248,
    "url": null,
    "publication": null,
    "inherited_content": null,
    "created_by": null,
    "modified_by": null
  }
},
{
  "model": "cmsmenus.navigationbaritem",
  "pk": 250,
  "fields": {
    "created": "2020-12-03T15:17:01.417Z",
    "modified": "2020-12-03T15:17:01.417Z",
    "order": 2,
    "is_active": true,
    "menu": 22,
    "name": "studenti iscritti",
    "webpath": null,
    "parent": 248,
    "url": null,
    "publication": null,
    "inherited_content": null,
    "created_by": null,
    "modified_by": null
  }
},
{
  "model": "cmsmenus.navigationbaritem",
  "pk": 251,
  "fields": {
    "created": "2020-12-03T15:17:01.418Z",
    "modified": "2020-12-03T15:17:01.418Z",
    "order": 3,
    "is_active": true,
    "menu": 22,
    "name": "laureati",
    "webpath": null,
    "parent": 248,
    "url": null,
    "publication": null,
    "inherited_content": null,
    "created_by": null,
    "modified_by": null
  }
},
{
  "model": "cmsmenus.navigationbaritem",
  "pk": 252,
  "fields": {
    "created": "2020-12-03T17:30:20.957Z",
    "modified": "2020-12-03T17:30:22.552Z",
    "order": 0,
    "is_active": true,
    "menu": 23,
    "name": "futuri studenti",
    "webpath": null,
    "parent": null,
    "url": null,
    "publication": null,
    "inherited_content": null,
    "created_by": null,
    "modified_by": null
  }
},
{
  "model": "cmsmenus.navigationbaritem",
  "pk": 253,
  "fields": {
    "created": "2020-12-03T17:31:27.091Z",
    "modified": "2020-12-03T17:31:27.091Z",
    "order": 1,
    "is_active": true,
    "menu": 23,
    "name": "ammissione",
    "webpath": null,
    "parent": 252,
    "url": null,
    "publication": null,
    "inherited_content": null,
    "created_by": null,
    "modified_by": null
  }
},
{
  "model": "cmsmenus.navigationbaritem",
  "pk": 254,
  "fields": {
    "created": "2020-12-03T17:31:27.092Z",
    "modified": "2020-12-03T17:31:27.092Z",
    "order": 2,
    "is_active": true,
    "menu": 23,
    "name": "tasse",
    "webpath": null,
    "parent": 252,
    "url": null,
    "publication": null,
    "inherited_content": null,
    "created_by": null,
    "modified_by": null
  }
},
{
  "model": "cmsmenus.navigationbaritem",
  "pk": 255,
  "fields": {
    "created": "2020-12-03T17:31:27.092Z",
    "modified": "2020-12-03T17:31:27.092Z",
    "order": 3,
    "is_active": true,
    "menu": 23,
    "name": "mensa",
    "webpath": null,
    "parent": 252,
    "url": null,
    "publication": null,
    "inherited_content": null,
    "created_by": null,
    "modified_by": null
  }
},
{
  "model": "cmsmenus.navigationbaritem",
  "pk": 256,
  "fields": {
    "created": "2020-12-03T17:31:27.093Z",
    "modified": "2020-12-03T17:31:27.093Z",
    "order": 4,
    "is_active": true,
    "menu": 23,
    "name": "alloggi",
    "webpath": null,
    "parent": 252,
    "url": null,
    "publication": null,
    "inherited_content": null,
    "created_by": null,
    "modified_by": null
  }
},
{
  "model": "cmsmenus.navigationbaritem",
  "pk": 257,
  "fields": {
    "created": "2020-12-03T17:31:27.093Z",
    "modified": "2020-12-03T17:31:27.093Z",
    "order": 5,
    "is_active": true,
    "menu": 23,
    "name": "borse di studio",
    "webpath": null,
    "parent": 252,
    "url": null,
    "publication": null,
    "inherited_content": null,
    "created_by": null,
    "modified_by": null
  }
},
{
  "model": "cmsmenus.navigationbaritem",
  "pk": 258,
  "fields": {
    "created": "2020-12-03T17:31:27.093Z",
    "modified": "2020-12-03T17:31:27.093Z",
    "order": 6,
    "is_active": true,
    "menu": 23,
    "name": "sussidi",
    "webpath": null,
    "parent": 252,
    "url": null,
    "publication": null,
    "inherited_content": null,
    "created_by": null,
    "modified_by": null
  }
},
{
  "model": "cmsmenus.navigationbaritem",
  "pk": 259,
  "fields": {
    "created": "2020-12-03T17:31:27.094Z",
    "modified": "2020-12-03T17:31:27.094Z",
    "order": 7,
    "is_active": true,
    "menu": 23,
    "name": "counselling",
    "webpath": null,
    "parent": 252,
    "url": null,
    "publication": null,
    "inherited_content": null,
    "created_by": null,
    "modified_by": null
  }
},
{
  "model": "cmsmenus.navigationbaritem",
  "pk": 260,
  "fields": {
    "created": "2020-12-03T17:31:27.094Z",
    "modified": "2020-12-03T17:31:27.094Z",
    "order": 8,
    "is_active": true,
    "menu": 23,
    "name": "servizi per studenti con disabilità DSA e Bes",
    "webpath": null,
    "parent": 252,
    "url": null,
    "publication": null,
    "inherited_content": null,
    "created_by": null,
    "modified_by": null
  }
},
{
  "model": "cmsmenus.navigationbaritemlocalization",
  "pk": 1,
  "fields": {
    "item": 4,
    "language": "en",
    "name": "Research"
  }
},
{
  "model": "cmscontexts.website",
  "pk": 2,
  "fields": {
    "name": "Portale dell'Università della Calabria",
    "domain": "test.unical.it",
    "is_active": true
  }
},
{
  "model": "cmscontexts.website",
  "pk": 3,
  "fields": {
    "name": "Dipartimento DIMES",
    "domain": "test.dimes.unical.it",
    "is_active": true
  }
},
{
  "model": "cmscontexts.webpath",
  "pk": 1,
  "fields": {
    "created": "2020-10-29T09:11:39.008Z",
    "modified": "2020-11-07T14:55:20.868Z",
    "site": 2,
    "name": "Portale dell'Università della Calabria",
    "parent": null,
    "alias": null,
    "alias_url": null,
    "path": "/",
    "fullpath": "/",
    "is_active": true
  }
},
{
  "model": "cmscontexts.webpath",
  "pk": 2,
  "fields": {
    "created": "2020-11-07T14:57:19.676Z",
    "modified": "2020-11-07T14:58:52.545Z",
    "site": 2,
    "name": "banane",
    "parent": 1,
    "alias": null,
    "alias_url": null,
    "path": "didattica",
    "fullpath": "/didattica",
    "is_active": true
  }
},
{
  "model": "cmscontexts.webpath",
  "pk": 3,
  "fields": {
    "created": "2020-11-20T08:50:48.265Z",
    "modified": "2020-11-23T08:09:16.220Z",
    "site": 3,
    "name": "DIMES (subdomain)",
    "parent": null,
    "alias": null,
    "alias_url": "//test.unical.it:8000/portale/dipartimenti/dimes/",
    "path": "/",
    "fullpath": "/",
    "is_active": true
  }
},
{
  "model": "cmscontexts.webpath",
  "pk": 4,
  "fields": {
    "created": "2020-11-20T09:14:17.710Z",
    "modified": "2020-11-23T08:08:52.725Z",
    "site": 2,
    "name": "DIMES",
    "parent": 5,
    "alias": null,
    "alias_url": "",
    "path": "dimes/",
    "fullpath": "/dipartimenti/dimes/",
    "is_active": true
  }
},
{
  "model": "cmscontexts.webpath",
  "pk": 5,
  "fields": {
    "created": "2020-11-20T12:29:06.360Z",
    "modified": "2020-11-20T16:39:05.276Z",
    "site": 2,
    "name": "dipartimenti",
    "parent": 1,
    "alias": null,
    "alias_url": "",
    "path": "dipartimenti/",
    "fullpath": "/dipartimenti/",
    "is_active": true
  }
},
{
  "model": "cmscontexts.webpath",
  "pk": 6,
  "fields": {
    "created": "2020-11-30T16:43:00.111Z",
    "modified": "2020-11-30T16:43:00.111Z",
    "site": 3,
    "name": "ricerca dimes",
    "parent": 3,
    "alias": null,
    "alias_url": "",
    "path": "ricerca/",
    "fullpath": "/ricerca/",
    "is_active": true
  }
},
{
  "model": "cmscontexts.webpath",
  "pk": 7,
  "fields": {
    "created": "2020-12-03T07:22:04.219Z",
    "modified": "2020-12-03T07:22:04.219Z",
    "site": 2,
    "name": "Offerta formativa",
    "parent": 1,
    "alias": null,
    "alias_url": "",
    "path": "didattica/offerta-formativa/",
    "fullpath": "/didattica/offerta-formativa/",
    "is_active": true
  }
},
{
  "model": "cmscontexts.webpath",
  "pk": 8,
  "fields": {
    "created": "2020-12-03T10:46:38.760Z",
    "modified": "2020-12-03T10:46:38.761Z",
    "site": 2,
    "name": "I Servizi del Campus",
    "parent": 1,
    "alias": null,
    "alias_url": "",
    "path": "campus/servizi/",
    "fullpath": "/campus/servizi/",
    "is_active": true
  }
},
{
  "model": "cmscontexts.webpath",
  "pk": 9,
  "fields": {
    "created": "2020-12-03T14:52:05.979Z",
    "modified": "2020-12-03T14:52:05.979Z",
    "site": 2,
    "name": "Visita il campus",
    "parent": 1,
    "alias": null,
    "alias_url": "",
    "path": "campus/visita-il-campus/",
    "fullpath": "/campus/visita-il-campus/",
    "is_active": true
  }
},
{
  "model": "cmscontexts.webpath",
  "pk": 10,
  "fields": {
    "created": "2020-12-03T15:56:23.454Z",
    "modified": "2020-12-03T15:56:23.454Z",
    "site": 2,
    "name": "Servizi / Futuri Studenti",
    "parent": 8,
    "alias": null,
    "alias_url": "",
    "path": "futuri-studenti/",
    "fullpath": "/campus/servizi/futuri-studenti/",
    "is_active": true
  }
},
{
  "model": "cmscontexts.webpath",
  "pk": 11,
  "fields": {
    "created": "2020-12-06T15:04:22.135Z",
    "modified": "2020-12-06T15:08:57.658Z",
    "site": 2,
    "name": "Motore di Ricerca",
    "parent": 1,
    "alias": null,
    "alias_url": "",
    "path": "search/",
    "fullpath": "/search/",
    "is_active": true
  }
},
{
  "model": "cmscontexts.editorialboardlocks",
  "pk": 1,
  "fields": {
    "content_type": 28,
    "object_id": 1,
    "locked_by": 1,
    "locked_time": "2020-11-22T14:36:44Z"
  }
},
{
  "model": "cmscontexts.editorialboardlocks",
  "pk": 2,
  "fields": {
    "content_type": 21,
    "object_id": 3,
    "locked_by": 1,
    "locked_time": "2020-11-22T14:38:50Z"
  }
},
{
  "model": "cmsmedias.mediacollection",
  "pk": 1,
  "fields": {
    "created": "2020-11-24T09:33:24.719Z",
    "modified": "2020-11-24T10:13:50.234Z",
    "is_active": true,
    "name": "Unical gallery",
    "description": "Galleria foto unical"
  }
},
{
  "model": "cmsmedias.media",
  "pk": 1,
  "fields": {
    "created": "2020-10-30T16:32:21.019Z",
    "modified": "2020-10-30T16:32:21.019Z",
    "is_active": true,
    "title": "Unical Campus",
    "file": "medias/2020/campus_khrzwfL.jpg",
    "description": "Vista con panorama",
    "file_size": null,
    "file_type": null,
    "created_by": null,
    "modified_by": null
  }
},
{
  "model": "cmsmedias.media",
  "pk": 2,
  "fields": {
    "created": "2020-10-31T13:53:43.251Z",
    "modified": "2020-10-31T14:35:45.239Z",
    "is_active": true,
    "title": "Unical Campus esempio 2",
    "file": "medias/2020/students1.jpg",
    "description": "Esempio di immagine promozionale di campus",
    "file_size": null,
    "file_type": null,
    "created_by": null,
    "modified_by": null
  }
},
{
  "model": "cmsmedias.media",
  "pk": 3,
  "fields": {
    "created": "2020-10-31T15:04:12.200Z",
    "modified": "2020-10-31T15:04:12.200Z",
    "is_active": true,
    "title": "studenti 3",
    "file": "medias/2020/students2.jpg",
    "description": "studenti 3",
    "file_size": null,
    "file_type": null,
    "created_by": null,
    "modified_by": null
  }
},
{
  "model": "cmsmedias.media",
  "pk": 4,
  "fields": {
    "created": "2020-11-11T17:14:02.849Z",
    "modified": "2020-11-11T17:14:02.849Z",
    "is_active": true,
    "title": "Banner test 1",
    "file": "medias/2020/test_news_1.jpg",
    "description": "test",
    "file_size": null,
    "file_type": null,
    "created_by": null,
    "modified_by": null
  }
},
{
  "model": "cmsmedias.mediacollectionitem",
  "pk": 1,
  "fields": {
    "created": "2020-11-24T09:33:24.727Z",
    "modified": "2020-11-24T09:33:24.727Z",
    "order": 10,
    "is_active": true,
    "media": 1,
    "collection": 1
  }
},
{
  "model": "cmsmedias.mediacollectionitem",
  "pk": 2,
  "fields": {
    "created": "2020-11-24T09:33:24.727Z",
    "modified": "2020-11-24T09:33:24.727Z",
    "order": 20,
    "is_active": true,
    "media": 2,
    "collection": 1
  }
},
{
  "model": "cmsmedias.mediacollectionitem",
  "pk": 3,
  "fields": {
    "created": "2020-11-24T10:13:09.157Z",
    "modified": "2020-11-24T10:13:09.157Z",
    "order": 30,
    "is_active": true,
    "media": 4,
    "collection": 1
  }
},
{
  "model": "cmsmedias.mediacollectionitem",
  "pk": 4,
  "fields": {
    "created": "2020-11-24T10:13:50.240Z",
    "modified": "2020-11-24T10:13:50.240Z",
    "order": 10,
    "is_active": true,
    "media": 3,
    "collection": 1
  }
},
{
  "model": "cmspages.page",
  "pk": 1,
  "fields": {
    "created": "2020-10-29T09:12:44.427Z",
    "modified": "2020-11-24T10:58:04.194Z",
    "is_active": true,
    "draft_of": null,
    "name": "Portale dell'Università della Calabria",
    "webpath": 1,
    "base_template": 1,
    "description": "",
    "date_start": "2020-10-29T09:12:02Z",
    "date_end": null,
    "state": "published",
    "created_by": null,
    "modified_by": null,
    "type": "home"
  }
},
{
  "model": "cmspages.page",
  "pk": 2,
  "fields": {
    "created": "2020-11-20T09:15:53.481Z",
    "modified": "2020-11-25T17:34:49.167Z",
    "is_active": true,
    "draft_of": null,
    "name": "Dimes",
    "webpath": 4,
    "base_template": 2,
    "description": "",
    "date_start": "2020-11-20T09:15:51Z",
    "date_end": null,
    "state": "published",
    "created_by": null,
    "modified_by": null,
    "type": "home"
  }
},
{
  "model": "cmspages.page",
  "pk": 15,
  "fields": {
    "created": "2020-11-24T12:52:00.324Z",
    "modified": "2020-11-24T12:52:09.027Z",
    "is_active": true,
    "draft_of": 1,
    "name": "Portale dell'Università della Calabria",
    "webpath": 1,
    "base_template": 1,
    "description": "",
    "date_start": "2020-11-24T12:52:00Z",
    "date_end": null,
    "state": "draft",
    "created_by": null,
    "modified_by": null,
    "type": "home"
  }
},
{
  "model": "cmspages.page",
  "pk": 16,
  "fields": {
    "created": "2020-12-03T07:23:10.854Z",
    "modified": "2020-12-03T07:43:10.663Z",
    "is_active": true,
    "draft_of": null,
    "name": "Offerta Formativa",
    "webpath": 7,
    "base_template": 3,
    "description": "",
    "date_start": "2020-12-03T07:22:54Z",
    "date_end": null,
    "state": "published",
    "created_by": null,
    "modified_by": null,
    "type": "standard"
  }
},
{
  "model": "cmspages.page",
  "pk": 17,
  "fields": {
    "created": "2020-12-03T10:47:08.171Z",
    "modified": "2020-12-03T15:51:35.569Z",
    "is_active": true,
    "draft_of": null,
    "name": "I Servizi del Campus",
    "webpath": 8,
    "base_template": 3,
    "description": "",
    "date_start": "2020-12-03T10:46:59Z",
    "date_end": null,
    "state": "published",
    "created_by": null,
    "modified_by": null,
    "type": "standard"
  }
},
{
  "model": "cmspages.page",
  "pk": 18,
  "fields": {
    "created": "2020-12-03T14:52:21.564Z",
    "modified": "2020-12-03T15:52:29.657Z",
    "is_active": true,
    "draft_of": null,
    "name": "Visita il campus",
    "webpath": 9,
    "base_template": 4,
    "description": "",
    "date_start": "2020-12-03T14:52:17Z",
    "date_end": "2050-12-03T15:01:03Z",
    "state": "published",
    "created_by": null,
    "modified_by": null,
    "type": "standard"
  }
},
{
  "model": "cmspages.page",
  "pk": 19,
  "fields": {
    "created": "2020-12-03T15:56:59.313Z",
    "modified": "2020-12-03T17:48:48.746Z",
    "is_active": true,
    "draft_of": null,
    "name": "I Servizi del Campus",
    "webpath": 10,
    "base_template": 4,
    "description": "",
    "date_start": "2020-12-03T15:56:47Z",
    "date_end": null,
    "state": "published",
    "created_by": null,
    "modified_by": null,
    "type": "standard"
  }
},
{
  "model": "cmspages.page",
  "pk": 20,
  "fields": {
    "created": "2020-12-06T15:07:13.649Z",
    "modified": "2020-12-06T15:38:49.821Z",
    "is_active": true,
    "draft_of": null,
    "name": "Motore di Ricerca Portale Unical",
    "webpath": 11,
    "base_template": 6,
    "description": "",
    "date_start": "2020-12-06T15:06:53Z",
    "date_end": null,
    "state": "published",
    "created_by": null,
    "modified_by": null,
    "type": "standard"
  }
},
{
  "model": "cmspages.pagecarousel",
  "pk": 1,
  "fields": {
    "created": "2020-10-30T16:37:39.528Z",
    "modified": "2020-11-02T10:46:46.503Z",
    "order": 10,
    "is_active": true,
    "section": "slider",
    "page": 1,
    "carousel": 1
  }
},
{
  "model": "cmspages.pagecarousel",
  "pk": 2,
  "fields": {
    "created": "2020-11-20T10:12:41.157Z",
    "modified": "2020-11-20T10:12:41.157Z",
    "order": 10,
    "is_active": true,
    "section": "slider",
    "page": 2,
    "carousel": 1
  }
},
{
  "model": "cmspages.pagecarousel",
  "pk": 6,
  "fields": {
    "created": "2020-11-24T12:52:00.366Z",
    "modified": "2020-11-24T12:52:00.366Z",
    "order": 10,
    "is_active": true,
    "section": "slider",
    "page": 15,
    "carousel": 1
  }
},
{
  "model": "cmspages.pagemenu",
  "pk": 1,
  "fields": {
    "created": "2020-11-02T10:08:40.122Z",
    "modified": "2020-11-02T10:08:40.122Z",
    "order": 10,
    "is_active": true,
    "section": "menu-1",
    "page": 1,
    "menu": 1
  }
},
{
  "model": "cmspages.pagemenu",
  "pk": 2,
  "fields": {
    "created": "2020-11-02T10:09:03.494Z",
    "modified": "2020-11-02T10:09:03.494Z",
    "order": 11,
    "is_active": true,
    "section": "menu-2",
    "page": 1,
    "menu": 2
  }
},
{
  "model": "cmspages.pagemenu",
  "pk": 6,
  "fields": {
    "created": "2020-11-20T10:29:42.578Z",
    "modified": "2020-11-20T10:29:42.578Z",
    "order": 10,
    "is_active": true,
    "section": "menu-2",
    "page": 2,
    "menu": 18
  }
},
{
  "model": "cmspages.pagemenu",
  "pk": 7,
  "fields": {
    "created": "2020-11-20T17:16:02.007Z",
    "modified": "2020-11-20T17:16:02.007Z",
    "order": 10,
    "is_active": true,
    "section": "menu-1",
    "page": 2,
    "menu": 19
  }
},
{
  "model": "cmspages.pagemenu",
  "pk": 15,
  "fields": {
    "created": "2020-11-24T12:52:00.379Z",
    "modified": "2020-11-24T12:52:09.031Z",
    "order": 10,
    "is_active": false,
    "section": "menu-1",
    "page": 15,
    "menu": 1
  }
},
{
  "model": "cmspages.pagemenu",
  "pk": 16,
  "fields": {
    "created": "2020-11-24T12:52:00.395Z",
    "modified": "2020-11-24T12:52:09.031Z",
    "order": 11,
    "is_active": false,
    "section": "menu-2",
    "page": 15,
    "menu": 2
  }
},
{
  "model": "cmspages.pagemenu",
  "pk": 17,
  "fields": {
    "created": "2020-12-03T07:23:10.866Z",
    "modified": "2020-12-03T07:24:19.358Z",
    "order": 10,
    "is_active": true,
    "section": "menu-1",
    "page": 16,
    "menu": 1
  }
},
{
  "model": "cmspages.pagemenu",
  "pk": 18,
  "fields": {
    "created": "2020-12-03T10:47:08.181Z",
    "modified": "2020-12-03T10:47:08.181Z",
    "order": 10,
    "is_active": true,
    "section": "menu-1",
    "page": 17,
    "menu": 1
  }
},
{
  "model": "cmspages.pagemenu",
  "pk": 21,
  "fields": {
    "created": "2020-12-03T12:14:58.261Z",
    "modified": "2020-12-03T12:14:58.261Z",
    "order": 10,
    "is_active": true,
    "section": "2",
    "page": 17,
    "menu": 20
  }
},
{
  "model": "cmspages.pagemenu",
  "pk": 22,
  "fields": {
    "created": "2020-12-03T12:31:47.234Z",
    "modified": "2020-12-03T12:31:47.235Z",
    "order": 10,
    "is_active": true,
    "section": "3",
    "page": 17,
    "menu": 21
  }
},
{
  "model": "cmspages.pagemenu",
  "pk": 23,
  "fields": {
    "created": "2020-12-03T15:09:55.724Z",
    "modified": "2020-12-03T15:09:55.724Z",
    "order": 10,
    "is_active": true,
    "section": "menu-1",
    "page": 18,
    "menu": 1
  }
},
{
  "model": "cmspages.pagemenu",
  "pk": 24,
  "fields": {
    "created": "2020-12-03T15:14:50.295Z",
    "modified": "2020-12-03T15:17:53.562Z",
    "order": 10,
    "is_active": true,
    "section": "3",
    "page": 18,
    "menu": 21
  }
},
{
  "model": "cmspages.pagemenu",
  "pk": 25,
  "fields": {
    "created": "2020-12-03T15:17:53.563Z",
    "modified": "2020-12-03T15:17:53.563Z",
    "order": 10,
    "is_active": true,
    "section": "2",
    "page": 18,
    "menu": 22
  }
},
{
  "model": "cmspages.pagemenu",
  "pk": 26,
  "fields": {
    "created": "2020-12-03T15:56:59.324Z",
    "modified": "2020-12-03T15:56:59.324Z",
    "order": 10,
    "is_active": true,
    "section": "menu-1",
    "page": 19,
    "menu": 1
  }
},
{
  "model": "cmspages.pagemenu",
  "pk": 27,
  "fields": {
    "created": "2020-12-03T15:59:24.496Z",
    "modified": "2020-12-03T17:14:11.070Z",
    "order": 2,
    "is_active": true,
    "section": "2",
    "page": 19,
    "menu": 20
  }
},
{
  "model": "cmspages.pagemenu",
  "pk": 28,
  "fields": {
    "created": "2020-12-03T15:59:24.496Z",
    "modified": "2020-12-03T17:14:11.071Z",
    "order": 30,
    "is_active": true,
    "section": "3",
    "page": 19,
    "menu": 21
  }
},
{
  "model": "cmspages.pagemenu",
  "pk": 33,
  "fields": {
    "created": "2020-12-03T17:14:11.072Z",
    "modified": "2020-12-03T17:14:11.072Z",
    "order": 40,
    "is_active": true,
    "section": "menu-2",
    "page": 19,
    "menu": 22
  }
},
{
  "model": "cmspages.pagemenu",
  "pk": 34,
  "fields": {
    "created": "2020-12-03T17:32:50.805Z",
    "modified": "2020-12-03T17:32:50.805Z",
    "order": 50,
    "is_active": true,
    "section": "menu-3",
    "page": 19,
    "menu": 23
  }
},
{
  "model": "cmspages.pagemenu",
  "pk": 35,
  "fields": {
    "created": "2020-12-06T15:25:55.179Z",
    "modified": "2020-12-06T15:38:12.107Z",
    "order": 10,
    "is_active": true,
    "section": "menu-1",
    "page": 20,
    "menu": 1
  }
},
{
  "model": "cmspages.pageblock",
  "pk": 3,
  "fields": {
    "order": 20,
    "is_active": true,
    "section": "2",
    "page": 17,
    "block": 9
  }
},
{
  "model": "cmspages.pageblock",
  "pk": 4,
  "fields": {
    "order": 15,
    "is_active": true,
    "section": "3",
    "page": 17,
    "block": 10
  }
},
{
  "model": "cmspages.pageblock",
  "pk": 5,
  "fields": {
    "order": 10,
    "is_active": true,
    "section": "2",
    "page": 17,
    "block": 11
  }
},
{
  "model": "cmspages.pageblock",
  "pk": 7,
  "fields": {
    "order": 10,
    "is_active": true,
    "section": "3",
    "page": 18,
    "block": 10
  }
},
{
  "model": "cmspages.pageblock",
  "pk": 8,
  "fields": {
    "order": 20,
    "is_active": true,
    "section": "2",
    "page": 18,
    "block": 9
  }
},
{
  "model": "cmspages.pageblock",
  "pk": 9,
  "fields": {
    "order": 10,
    "is_active": true,
    "section": "2",
    "page": 18,
    "block": 11
  }
},
{
  "model": "cmspages.pageblock",
  "pk": 10,
  "fields": {
    "order": 15,
    "is_active": true,
    "section": "2",
    "page": 17,
    "block": 14
  }
},
{
  "model": "cmspages.pageblock",
  "pk": 11,
  "fields": {
    "order": 10,
    "is_active": true,
    "section": "3",
    "page": 17,
    "block": 14
  }
},
{
  "model": "cmspages.pageblock",
  "pk": 12,
  "fields": {
    "order": 15,
    "is_active": true,
    "section": "2",
    "page": 18,
    "block": 14
  }
},
{
  "model": "cmspages.pageblock",
  "pk": 13,
  "fields": {
    "order": 5,
    "is_active": true,
    "section": "3",
    "page": 18,
    "block": 14
  }
},
{
  "model": "cmspages.pageblock",
  "pk": 14,
  "fields": {
    "order": 10,
    "is_active": true,
    "section": "2",
    "page": 19,
    "block": 11
  }
},
{
  "model": "cmspages.pageblock",
  "pk": 15,
  "fields": {
    "order": 15,
    "is_active": true,
    "section": "2",
    "page": 19,
    "block": 14
  }
},
{
  "model": "cmspages.pageblock",
  "pk": 16,
  "fields": {
    "order": 20,
    "is_active": true,
    "section": "2",
    "page": 19,
    "block": 9
  }
},
{
  "model": "cmspages.pageblock",
  "pk": 17,
  "fields": {
    "order": 30,
    "is_active": true,
    "section": "3",
    "page": 19,
    "block": 14
  }
},
{
  "model": "cmspages.pageblock",
  "pk": 18,
  "fields": {
    "order": 40,
    "is_active": true,
    "section": "3",
    "page": 19,
    "block": 10
  }
},
{
  "model": "cmspages.pageblock",
  "pk": 29,
  "fields": {
    "order": 50,
    "is_active": true,
    "section": "menu-2",
    "page": 19,
    "block": 15
  }
},
{
  "model": "cmspages.pageblock",
  "pk": 30,
  "fields": {
    "order": 60,
    "is_active": true,
    "section": "menu-3",
    "page": 19,
    "block": 16
  }
},
{
  "model": "cmspages.pageblock",
  "pk": 31,
  "fields": {
    "order": 70,
    "is_active": true,
    "section": "1",
    "page": 19,
    "block": 17
  }
},
{
  "model": "cmspages.pageblock",
  "pk": 33,
  "fields": {
    "order": 10,
    "is_active": true,
    "section": "menu-1",
    "page": 20,
    "block": 7
  }
},
{
  "model": "cmspages.category",
  "pk": 1,
  "fields": {
    "created": "2020-11-09T13:25:34.020Z",
    "modified": "2020-11-09T13:25:34.020Z",
    "name": "Didattica",
    "description": "Didattica",
    "image": "images/categories/inline_image_preview.jpg"
  }
},
{
  "model": "cmspages.category",
  "pk": 2,
  "fields": {
    "created": "2020-11-09T13:26:39.646Z",
    "modified": "2020-11-09T13:26:39.646Z",
    "name": "Ricerca",
    "description": "Ricerca",
    "image": "images/categories/ricerca.png"
  }
},
{
  "model": "cmspages.category",
  "pk": 3,
  "fields": {
    "created": "2020-11-09T13:27:51.975Z",
    "modified": "2020-11-09T13:27:51.975Z",
    "name": "Eventi",
    "description": "Eventi",
    "image": "images/categories/eventi.jpg"
  }
},
{
  "model": "cmspages.category",
  "pk": 4,
  "fields": {
    "created": "2020-11-14T15:11:08.755Z",
    "modified": "2020-11-14T15:11:08.755Z",
    "name": "Cultura",
    "description": "Cultura",
    "image": ""
  }
},
{
  "model": "cmspages.category",
  "pk": 5,
  "fields": {
    "created": "2020-12-03T10:45:29.559Z",
    "modified": "2020-12-03T10:45:29.559Z",
    "name": "Servizi",
    "description": "I servizi del Campus",
    "image": ""
  }
},
{
  "model": "cmspages.category",
  "pk": 6,
  "fields": {
    "created": "2020-12-03T15:04:27.918Z",
    "modified": "2020-12-03T15:04:27.918Z",
    "name": "Visita il campus",
    "description": "test",
    "image": ""
  }
},
{
  "model": "cmspages.publication",
  "pk": 1,
  "fields": {
    "created": "2020-11-09T13:33:21.852Z",
    "modified": "2020-11-25T09:51:03.244Z",
    "is_active": true,
    "title": "Papiri, Codex, Libri. La attraverso labora lorem ipsum",
    "subheading": "Itaque earum rerum hic tenetur a sapiente delectus, ut aut reiciendis voluptatibus maiores alias consequatur aut perferendis doloribus asperiores repellat.",
    "content": "<p>Sed ut perspiciatis unde omnis iste natus error sit voluptatem accusantium doloremque laudantium, totam rem aperiam, eaque ipsa quae ab illo inventore veritatis et quasi architecto beatae vitae dicta sunt explicabo. Nemo enim ipsam voluptatem quia voluptas sit aspernatur aut odit aut fugit, sed quia consequuntur magni dolores eos qui ratione voluptatem sequi nesciunt. Neque porro quisquam est, qui dolorem ipsum quia dolor sit amet, consectetur, adipisci velit, sed quia non numquam eius modi tempora incidunt ut labore et dolore magnam aliquam quaerat voluptatem. Ut enim ad minima veniam, quis nostrum exercitationem ullam corporis suscipit laboriosam, nisi ut aliquid ex ea commodi consequatur? Quis autem vel eum iure reprehenderit qui in ea voluptate velit esse quam nihil molestiae consequatur, vel illum qui dolorem eum fugiat quo voluptas nulla pariatur?</p><p>&lt;h1&gt;This HTML is escaped by default!&lt;/h1&gt;</p><p>&nbsp;</p>",
    "content_type": "html",
    "presentation_image": 4,
    "state": "published",
    "date_start": "2020-11-09T13:24:35Z",
    "date_end": "2022-11-30T14:31:20Z",
    "note": "",
    "slug": "unical-campus-1",
    "created_by": null,
    "modified_by": null,
    "category": [
      1
    ]
  }
},
{
  "model": "cmspages.publication",
  "pk": 2,
  "fields": {
    "created": "2020-11-09T13:36:12.360Z",
    "modified": "2020-11-16T14:29:56.271Z",
    "is_active": true,
    "title": "Unical Campus esempio 2",
    "subheading": "Sed ut perspiciatis unde omnis iste natus error sit voluptatem accusantium doloremque laudantium, totam rem aperiam.",
    "content": "<p>Sed ut perspiciatis unde omnis iste natus error sit voluptatem accusantium doloremque laudantium, totam rem aperiam, eaque ipsa quae ab illo inventore veritatis et quasi architecto beatae vitae dicta sunt explicabo. Nemo enim ipsam voluptatem quia voluptas sit aspernatur aut odit aut fugit, sed quia consequuntur magni dolores eos qui ratione voluptatem sequi nesciunt. Neque porro quisquam est, qui dolorem ipsum quia dolor sit amet, consectetur, adipisci velit, sed quia non numquam eius modi tempora incidunt ut labore et dolore magnam aliquam quaerat voluptatem.</p>",
    "content_type": "markdown",
    "presentation_image": null,
    "state": "published",
    "date_start": "2020-11-09T13:35:44Z",
    "date_end": "2022-11-30T14:29:43Z",
    "note": "",
    "slug": "unical-campus-esempio-2",
    "created_by": null,
    "modified_by": null,
    "category": [
      3
    ]
  }
},
{
  "model": "cmspages.publication",
  "pk": 3,
  "fields": {
    "created": "2020-11-09T13:36:59.347Z",
    "modified": "2020-11-16T14:30:18.991Z",
    "is_active": true,
    "title": "Unical Campus 3",
    "subheading": "Nemo enim ipsam voluptatem quia voluptas sit aspernatur aut odit aut fugit, sed quia consequuntur magni dolores eos qui ratione voluptatem sequi nesciunt. Neque porro quisquam est, qui dolorem ipsum quia dolor sit amet, consectetur, adipisci velit, sed quia non numquam eius modi tempora incidunt ut labore et dolore magnam aliquam quaerat voluptatem.",
    "content": "<p>Sed ut perspiciatis unde omnis iste natus error sit voluptatem accusantium doloremque laudantium, totam rem aperiam, eaque ipsa quae ab illo inventore veritatis et quasi architecto beatae vitae dicta sunt explicabo. Nemo enim ipsam voluptatem quia voluptas sit aspernatur aut odit aut fugit, sed quia consequuntur magni dolores eos qui ratione voluptatem sequi nesciunt. Neque porro quisquam est, qui dolorem ipsum quia dolor sit amet, consectetur, adipisci velit, sed quia non numquam eius modi tempora incidunt ut labore et dolore magnam aliquam quaerat voluptatem.</p>",
    "content_type": "markdown",
    "presentation_image": 2,
    "state": "published",
    "date_start": "2020-11-09T13:36:39Z",
    "date_end": "2022-11-30T14:30:13Z",
    "note": "",
    "slug": "unical-campus-3",
    "created_by": null,
    "modified_by": null,
    "category": [
      2
    ]
  }
},
{
  "model": "cmspages.publication",
  "pk": 4,
  "fields": {
    "created": "2020-11-11T16:49:38.838Z",
    "modified": "2020-11-20T14:47:36.489Z",
    "is_active": true,
    "title": "Studiare online è sempre più semplice",
    "subheading": "Lorem ipsum dolor sit amet, consectetur adipiscing elit, sed do eiusmod tempor incididunt ut labore et dolore magna aliqua. Ut enim ad minim veniam, quis nostrud exercitation ullamco laboris nisi ut aliquip ex ea commodo consequat Lorem ipsum dolor sit amet, consectetur adipiscing elit, sed do eiusmod tempor incididunt ut labore et dolore magna aliqua. Ut enim ad minim veniam, quis nostrud exercitation ullamco laboris nisi ut aliquip ex ea commodo consequat Lorem ipsum dolor sit amet, consectetur adipiscing elit, sed do eiusmod tempor incididunt ut labore et dolore magna aliqua. Ut enim ad minim veniam, quis nostrud exercitation ullamco laboris nisi ut aliquip ex ea commodo consequat",
    "content": "<p>Lorem ipsum dolor sit amet, consectetur adipiscing elit, sed do eiusmod tempor incididunt ut labore et dolore magna aliqua. Ut enim ad minim veniam, quis nostrud exercitation ullamco laboris nisi ut aliquip ex ea commodo consequat</p>",
    "content_type": "markdown",
    "presentation_image": null,
    "state": "published",
    "date_start": "2020-11-11T16:56:21Z",
    "date_end": "2022-11-30T14:31:00Z",
    "note": "",
    "slug": "studiare-online-e-sempre-piu-semplice",
    "created_by": null,
    "modified_by": null,
    "category": [
      2
    ]
  }
},
{
  "model": "cmspages.publication",
  "pk": 5,
  "fields": {
    "created": "2020-11-11T17:18:19.297Z",
    "modified": "2020-11-24T14:11:36.607Z",
    "is_active": true,
    "title": "Il cinema è Unical",
    "subheading": "Lorem ipsum dolor sit amet, consectetur adipiscing elit, sed do eiusmod tempor incididunt ut labore et dolore magna aliqua. Ut enim ad minim veniam, quis nostrud exercitation ullamco laboris nisi ut aliquip ex ea commodo consequat Lorem ipsum dolor sit amet, consectetur adipiscing elit, sed do eiusmod tempor incididunt ut labore et dolore magna aliqua. Ut enim ad minim veniam, quis nostrud exercitation ullamco laboris nisi ut aliquip ex ea commodo consequat Lorem ipsum dolor sit amet, consectetur adipiscing elit, sed do eiusmod tempor incididunt ut labore et dolore magna aliqua. Ut enim ad minim veniam, quis nostrud exercitation ullamco laboris nisi ut aliquip ex ea commodo consequat",
    "content": "Lorem ipsum dolor sit amet, consectetur adipiscing elit, sed do eiusmod tempor incididunt ut labore et dolore magna aliqua. Ut enim ad minim veniam, quis nostrud exercitation ullamco laboris nisi ut aliquip ex ea commodo consequat",
    "content_type": "markdown",
    "presentation_image": 3,
    "state": "published",
    "date_start": "2020-11-11T17:18:08Z",
    "date_end": "2022-11-30T14:30:24Z",
    "note": "",
    "slug": "il-cinema-e-unical",
    "created_by": null,
    "modified_by": null,
    "category": [
      4,
      3
    ]
  }
},
{
  "model": "cmspages.publication",
  "pk": 6,
  "fields": {
    "created": "2020-12-03T07:45:16.807Z",
    "modified": "2020-12-03T08:06:07.624Z",
    "is_active": true,
    "title": "Studiare all'Unical",
    "subheading": "sub heading",
    "content": "",
    "content_type": "markdown",
    "presentation_image": 2,
    "state": "published",
    "date_start": "2020-12-03T07:43:54Z",
    "date_end": "2050-12-03T07:43:56Z",
    "note": "",
    "slug": "studiare-allunical",
    "created_by": null,
    "modified_by": null,
    "category": [
      1
    ]
  }
},
{
  "model": "cmspages.publication",
  "pk": 7,
  "fields": {
    "created": "2020-12-03T10:33:49.701Z",
    "modified": "2020-12-03T11:09:03.782Z",
    "is_active": true,
    "title": "Futuri studenti",
    "subheading": "Dopo la scuo uanans sun d dmndidmla superi undaurosanor qui puoi sceglier yunas ueondhc eie udndiid did dmdi il cors unsusi didnd odm dimd comeusna di te.",
    "content": "",
    "content_type": "markdown",
    "presentation_image": 3,
    "state": "draft",
    "date_start": "2020-12-03T10:33:19Z",
    "date_end": "2050-12-03T10:33:20Z",
    "note": "",
    "slug": "futuri-studenti",
    "created_by": null,
    "modified_by": null,
    "category": [
      1
    ]
  }
},
{
  "model": "cmspages.publication",
  "pk": 8,
  "fields": {
    "created": "2020-12-03T10:51:16.034Z",
    "modified": "2020-12-03T10:51:49.222Z",
    "is_active": true,
    "title": "Studenti iscritti",
    "subheading": "lorem ipsum lorem ipsum lorem ipsum lorem ipsum lorem ipsum lorem ipsum lorem ipsum lorem ipsum lorem ipsum lorem ipsum lorem ipsum lorem ipsum lorem ipsum lorem ipsum lorem ipsum lorem ipsum lorem ipsum lorem ipsum lorem ipsum lorem ipsum lorem ipsum lorem ipsum lorem ipsum lorem ipsum lorem ipsum lorem ipsum lorem ipsum lorem ipsum lorem ipsum lorem ipsum lorem ipsum lorem ipsum lorem ipsum lorem ipsum lorem ipsum lorem ipsum lorem ipsum lorem ipsum lorem ipsum",
    "content": "",
    "content_type": "markdown",
    "presentation_image": 2,
    "state": "draft",
    "date_start": "2020-12-03T10:49:04Z",
    "date_end": "2050-12-03T10:49:05Z",
    "note": "",
    "slug": "studenti-iscritti",
    "created_by": null,
    "modified_by": null,
    "category": [
      5
    ]
  }
},
{
  "model": "cmspages.publication",
  "pk": 9,
  "fields": {
    "created": "2020-12-03T10:52:35.844Z",
    "modified": "2020-12-03T10:53:12.123Z",
    "is_active": true,
    "title": "Laureati",
    "subheading": "lorem ipsum lorem ipsum lorem ipsum lorem ipsum lorem ipsumlorem ipsum lorem ipsum lorem ipsum lorem ipsumlorem ipsumlorem ipsumlorem ipsum lorem ipsum lorem ipsumlorem ipsumlorem ipsumlorem ipsumlorem ipsum lorem ipsum lorem ipsumlorem ipsumlorem ipsumlorem ipsum",
    "content": "",
    "content_type": "markdown",
    "presentation_image": 2,
    "state": "published",
    "date_start": "2020-12-03T10:52:10Z",
    "date_end": "2050-12-03T10:52:11Z",
    "note": "",
    "slug": "laureati",
    "created_by": null,
    "modified_by": null,
    "category": [
      5
    ]
  }
},
{
  "model": "cmspages.publication",
  "pk": 10,
  "fields": {
    "created": "2020-12-03T15:04:45.980Z",
    "modified": "2020-12-03T15:47:10.135Z",
    "is_active": true,
    "title": "Visita il Campus",
    "subheading": "Il Campus universitario più grande e attrezzato d’Italia, \r\noltre 200 ettari di verde con dndunf,kf msmnd fcifmnf \r\nfudndiw sdnd di, oltre 200 ettari di verde con dndunf,kf msmnd\r\n fcifmnf fudndiw sdnd di",
    "content": "",
    "content_type": "markdown",
    "presentation_image": 2,
    "state": "published",
    "date_start": "2020-12-03T15:04:14Z",
    "date_end": "2050-12-03T15:04:15Z",
    "note": "",
    "slug": "visita-il-campus",
    "created_by": null,
    "modified_by": null,
    "category": [
      6
    ]
  }
},
{
  "model": "cmspages.publicationcontext",
  "pk": 1,
  "fields": {
    "created": "2020-11-09T13:34:17.872Z",
    "modified": "2020-11-09T13:34:26.064Z",
    "order": 10,
    "is_active": true,
    "section": null,
    "publication": 1,
    "webpath": 1,
    "in_evidence_start": "2020-11-09T13:33:54Z",
    "in_evidence_end": null,
    "created_by": null,
    "modified_by": null
  }
},
{
  "model": "cmspages.publicationcontext",
  "pk": 2,
  "fields": {
    "created": "2020-11-09T13:36:12.365Z",
    "modified": "2020-11-09T13:36:12.365Z",
    "order": 50,
    "is_active": true,
    "section": null,
    "publication": 2,
    "webpath": 1,
    "in_evidence_start": "2020-11-09T13:36:10Z",
    "in_evidence_end": null,
    "created_by": null,
    "modified_by": null
  }
},
{
  "model": "cmspages.publicationcontext",
  "pk": 3,
  "fields": {
    "created": "2020-11-09T13:36:59.352Z",
    "modified": "2020-11-09T13:36:59.352Z",
    "order": 90,
    "is_active": true,
    "section": null,
    "publication": 3,
    "webpath": 1,
    "in_evidence_start": "2020-11-09T13:36:53Z",
    "in_evidence_end": null,
    "created_by": null,
    "modified_by": null
  }
},
{
  "model": "cmspages.publicationcontext",
  "pk": 4,
  "fields": {
    "created": "2020-11-11T16:50:10.775Z",
    "modified": "2020-11-11T16:50:30.389Z",
    "order": 10,
    "is_active": true,
    "section": null,
    "publication": 4,
    "webpath": 1,
    "in_evidence_start": "2020-11-11T16:50:08Z",
    "in_evidence_end": null,
    "created_by": null,
    "modified_by": null
  }
},
{
  "model": "cmspages.publicationcontext",
  "pk": 5,
  "fields": {
    "created": "2020-11-11T17:18:19.304Z",
    "modified": "2020-11-12T07:25:17.712Z",
    "order": 10,
    "is_active": true,
    "section": null,
    "publication": 5,
    "webpath": 1,
    "in_evidence_start": "2020-11-11T17:18:17Z",
    "in_evidence_end": null,
    "created_by": null,
    "modified_by": null
  }
},
{
  "model": "cmspages.publicationcontext",
  "pk": 6,
  "fields": {
    "created": "2020-11-20T09:17:52.876Z",
    "modified": "2020-11-20T12:39:48.614Z",
    "order": 10,
    "is_active": true,
    "section": null,
    "publication": 5,
    "webpath": 4,
    "in_evidence_start": "2020-11-20T09:17:44Z",
    "in_evidence_end": null,
    "created_by": null,
    "modified_by": null
  }
},
{
  "model": "cmspages.publicationcontext",
  "pk": 7,
  "fields": {
    "created": "2020-11-20T14:47:36.495Z",
    "modified": "2020-11-20T14:47:36.495Z",
    "order": 10,
    "is_active": true,
    "section": null,
    "publication": 4,
    "webpath": 4,
    "in_evidence_start": "2020-11-20T14:47:29Z",
    "in_evidence_end": null,
    "created_by": null,
    "modified_by": null
  }
},
{
  "model": "cmspages.publicationcontext",
  "pk": 8,
  "fields": {
    "created": "2020-11-20T14:47:59.186Z",
    "modified": "2020-11-20T14:47:59.186Z",
    "order": 10,
    "is_active": true,
    "section": null,
    "publication": 1,
    "webpath": 4,
    "in_evidence_start": "2020-11-20T14:47:57Z",
    "in_evidence_end": null,
    "created_by": null,
    "modified_by": null
  }
},
{
  "model": "cmspages.publicationcontext",
  "pk": 9,
  "fields": {
    "created": "2020-12-03T07:46:20.349Z",
    "modified": "2020-12-03T07:46:20.349Z",
    "order": 10,
    "is_active": true,
    "section": null,
    "publication": 6,
    "webpath": 7,
    "in_evidence_start": "2020-12-03T07:46:10Z",
    "in_evidence_end": "2060-12-03T07:46:12Z",
    "created_by": null,
    "modified_by": null
  }
},
{
  "model": "cmspages.publicationcontext",
  "pk": 10,
  "fields": {
    "created": "2020-12-03T10:34:07.755Z",
    "modified": "2020-12-03T10:48:24.884Z",
    "order": 10,
    "is_active": true,
    "section": null,
    "publication": 7,
    "webpath": 8,
    "in_evidence_start": "2020-12-03T10:34:02Z",
    "in_evidence_end": "2050-12-03T10:34:03Z",
    "created_by": null,
    "modified_by": null
  }
},
{
  "model": "cmspages.publicationcontext",
  "pk": 11,
  "fields": {
    "created": "2020-12-03T10:51:16.043Z",
    "modified": "2020-12-03T10:51:16.043Z",
    "order": 10,
    "is_active": true,
    "section": null,
    "publication": 8,
    "webpath": 8,
    "in_evidence_start": "2020-12-03T10:49:14Z",
    "in_evidence_end": "2050-12-03T10:49:16Z",
    "created_by": null,
    "modified_by": null
  }
},
{
  "model": "cmspages.publicationcontext",
  "pk": 12,
  "fields": {
    "created": "2020-12-03T10:52:35.853Z",
    "modified": "2020-12-03T10:52:35.853Z",
    "order": 10,
    "is_active": true,
    "section": null,
    "publication": 9,
    "webpath": 8,
    "in_evidence_start": "2020-12-03T10:52:24Z",
    "in_evidence_end": "2050-12-03T10:52:24Z",
    "created_by": null,
    "modified_by": null
  }
},
{
  "model": "cmspages.publicationcontext",
  "pk": 13,
  "fields": {
    "created": "2020-12-03T15:04:45.986Z",
    "modified": "2020-12-03T15:04:45.986Z",
    "order": 10,
    "is_active": true,
    "section": null,
    "publication": 10,
    "webpath": 9,
    "in_evidence_start": "2020-12-03T15:04:38Z",
    "in_evidence_end": "2050-12-03T15:04:39Z",
    "created_by": null,
    "modified_by": null
  }
},
{
  "model": "cmspages.publicationlink",
  "pk": 1,
  "fields": {
    "created": "2020-11-24T10:52:29.885Z",
    "modified": "2020-11-24T10:52:29.885Z",
    "publication": 1,
    "name": "test",
    "url": "https://auditorium.unical.it"
  }
},
{
  "model": "cmspages.publicationlink",
  "pk": 2,
  "fields": {
    "created": "2020-12-03T07:45:16.816Z",
    "modified": "2020-12-03T07:45:16.816Z",
    "publication": 6,
    "name": "Lauree",
    "url": "http://test.unical.it:8000"
  }
},
{
  "model": "cmspages.publicationlink",
  "pk": 3,
  "fields": {
    "created": "2020-12-03T07:45:16.816Z",
    "modified": "2020-12-03T07:45:16.816Z",
    "publication": 6,
    "name": "Lauree Magistrali a Ciclo Unico",
    "url": "http://test.unical.it:8000"
  }
},
{
  "model": "cmspages.publicationlink",
  "pk": 4,
  "fields": {
    "created": "2020-12-03T07:45:16.816Z",
    "modified": "2020-12-03T07:45:16.816Z",
    "publication": 6,
    "name": "Lauree Magistrali",
    "url": "http://test.unical.it:8000"
  }
},
{
  "model": "cmspages.publicationlink",
  "pk": 5,
  "fields": {
    "created": "2020-12-03T10:33:49.709Z",
    "modified": "2020-12-03T10:54:05.303Z",
    "publication": 7,
    "name": "ammissione",
    "url": "http://test.unical.it:8000"
  }
},
{
  "model": "cmspages.publicationlink",
  "pk": 6,
  "fields": {
    "created": "2020-12-03T10:33:49.709Z",
    "modified": "2020-12-03T10:54:05.303Z",
    "publication": 7,
    "name": "tasse",
    "url": "http://test.unical.it:8000"
  }
},
{
  "model": "cmspages.publicationlink",
  "pk": 7,
  "fields": {
    "created": "2020-12-03T10:33:49.710Z",
    "modified": "2020-12-03T10:54:05.304Z",
    "publication": 7,
    "name": "mensa",
    "url": "http://test.unical.it:8000"
  }
},
{
  "model": "cmspages.publicationlink",
  "pk": 8,
  "fields": {
    "created": "2020-12-03T10:33:49.710Z",
    "modified": "2020-12-03T10:54:05.305Z",
    "publication": 7,
    "name": "alloggi",
    "url": "http://test.unical.it:8000"
  }
},
{
  "model": "cmspages.publicationlink",
  "pk": 9,
  "fields": {
    "created": "2020-12-03T10:33:49.710Z",
    "modified": "2020-12-03T10:54:05.306Z",
    "publication": 7,
    "name": "borse di studio",
    "url": "http://test.unical.it:8000"
  }
},
{
  "model": "cmspages.publicationlink",
  "pk": 10,
  "fields": {
    "created": "2020-12-03T10:51:16.044Z",
    "modified": "2020-12-03T10:51:16.044Z",
    "publication": 8,
    "name": "iscrizioni",
    "url": "http://test.unical.it:8000"
  }
},
{
  "model": "cmspages.publicationlink",
  "pk": 11,
  "fields": {
    "created": "2020-12-03T10:51:16.044Z",
    "modified": "2020-12-03T10:51:16.044Z",
    "publication": 8,
    "name": "tasse",
    "url": "http://test.unical.it:8000"
  }
},
{
  "model": "cmspages.publicationlink",
  "pk": 12,
  "fields": {
    "created": "2020-12-03T10:51:16.045Z",
    "modified": "2020-12-03T10:51:16.045Z",
    "publication": 8,
    "name": "mensa",
    "url": "http://test.unical.it:8000"
  }
},
{
  "model": "cmspages.publicationlink",
  "pk": 13,
  "fields": {
    "created": "2020-12-03T10:51:16.045Z",
    "modified": "2020-12-03T10:51:16.045Z",
    "publication": 8,
    "name": "alloggi",
    "url": "http://test.unical.it:8000"
  }
},
{
  "model": "cmspages.publicationlink",
  "pk": 14,
  "fields": {
    "created": "2020-12-03T10:51:16.046Z",
    "modified": "2020-12-03T10:51:16.046Z",
    "publication": 8,
    "name": "residenze",
    "url": "http://test.unical.it:8000"
  }
},
{
  "model": "cmspages.publicationlink",
  "pk": 15,
  "fields": {
    "created": "2020-12-03T10:51:16.046Z",
    "modified": "2020-12-03T10:51:16.046Z",
    "publication": 8,
    "name": "borse di studio",
    "url": "http://test.unical.it:8000"
  }
},
{
  "model": "cmspages.publicationlink",
  "pk": 16,
  "fields": {
    "created": "2020-12-03T10:51:16.046Z",
    "modified": "2020-12-03T10:51:16.046Z",
    "publication": 8,
    "name": "counselling",
    "url": "http://test.unical.it:8000"
  }
},
{
  "model": "cmspages.publicationlink",
  "pk": 17,
  "fields": {
    "created": "2020-12-03T10:51:16.047Z",
    "modified": "2020-12-03T10:51:16.047Z",
    "publication": 8,
    "name": "tutor",
    "url": "http://test.unical.it:8000"
  }
},
{
  "model": "cmspages.publicationlink",
  "pk": 18,
  "fields": {
    "created": "2020-12-03T10:51:16.047Z",
    "modified": "2020-12-03T10:51:16.047Z",
    "publication": 8,
    "name": "servizi per studenti con disabilità, DSA e Bes",
    "url": "http://test.unical.it:8000"
  }
},
{
  "model": "cmspages.publicationlink",
  "pk": 19,
  "fields": {
    "created": "2020-12-03T10:51:16.047Z",
    "modified": "2020-12-03T10:51:16.047Z",
    "publication": 8,
    "name": "studiare all'estero",
    "url": "http://test.unical.it:8000"
  }
},
{
  "model": "cmspages.publicationlink",
  "pk": 20,
  "fields": {
    "created": "2020-12-03T10:51:16.048Z",
    "modified": "2020-12-03T10:51:16.048Z",
    "publication": 8,
    "name": "associazioni",
    "url": "http://test.unical.it:8000"
  }
},
{
  "model": "cmspages.publicationlink",
  "pk": 21,
  "fields": {
    "created": "2020-12-03T10:53:12.129Z",
    "modified": "2020-12-03T10:53:12.129Z",
    "publication": 9,
    "name": "dottorati",
    "url": "http://test.unical.it:8000"
  }
},
{
  "model": "cmspages.publicationlink",
  "pk": 22,
  "fields": {
    "created": "2020-12-03T10:53:12.129Z",
    "modified": "2020-12-03T10:53:12.130Z",
    "publication": 9,
    "name": "master",
    "url": "http://test.unical.it:8000"
  }
},
{
  "model": "cmspages.publicationlink",
  "pk": 23,
  "fields": {
    "created": "2020-12-03T10:53:12.130Z",
    "modified": "2020-12-03T10:53:12.130Z",
    "publication": 9,
    "name": "fare impresa",
    "url": "http://test.unical.it:8000"
  }
},
{
  "model": "cmspages.publicationlink",
  "pk": 24,
  "fields": {
    "created": "2020-12-03T10:53:12.130Z",
    "modified": "2020-12-03T10:53:12.130Z",
    "publication": 9,
    "name": "alumni",
    "url": "http://test.unical.it:8000"
  }
},
{
  "model": "cmspages.publicationlink",
  "pk": 25,
  "fields": {
    "created": "2020-12-03T10:54:05.307Z",
    "modified": "2020-12-03T10:54:05.307Z",
    "publication": 7,
    "name": "sussidi",
    "url": "http://test.unical.it:8000"
  }
},
{
  "model": "cmspages.publicationlink",
  "pk": 26,
  "fields": {
    "created": "2020-12-03T10:54:05.307Z",
    "modified": "2020-12-03T10:54:05.307Z",
    "publication": 7,
    "name": "counselling",
    "url": "http://test.unical.it:8000"
  }
},
{
  "model": "cmspages.publicationlink",
  "pk": 27,
  "fields": {
    "created": "2020-12-03T10:54:05.308Z",
    "modified": "2020-12-03T10:54:05.308Z",
    "publication": 7,
    "name": "servizi per studenti con disabilità, DSA e Bes",
    "url": "http://test.unical.it:8000"
  }
},
{
  "model": "cmspages.publicationlink",
  "pk": 28,
  "fields": {
    "created": "2020-12-03T15:08:36.026Z",
    "modified": "2020-12-03T15:08:36.026Z",
    "publication": 10,
    "name": "storia e architettura",
    "url": "http://test.unical.it:8000"
  }
},
{
  "model": "cmspages.publicationlink",
  "pk": 29,
  "fields": {
    "created": "2020-12-03T15:08:36.026Z",
    "modified": "2020-12-03T15:08:36.026Z",
    "publication": 10,
    "name": "territorio",
    "url": "http://test.unical.it:8000"
  }
},
{
  "model": "cmspages.publicationlink",
  "pk": 30,
  "fields": {
    "created": "2020-12-03T15:08:36.027Z",
    "modified": "2020-12-03T15:08:36.027Z",
    "publication": 10,
    "name": "come arrivare",
    "url": "http://test.unical.it:8000"
  }
},
{
  "model": "cmspages.publicationlink",
  "pk": 31,
  "fields": {
    "created": "2020-12-03T15:08:36.027Z",
    "modified": "2020-12-03T15:08:36.027Z",
    "publication": 10,
    "name": "mappa",
    "url": "http://test.unical.it:8000"
  }
},
{
  "model": "cmspages.publicationgallery",
  "pk": 1,
  "fields": {
    "created": "2020-11-24T09:33:26.374Z",
    "modified": "2020-11-24T09:33:26.374Z",
    "order": 10,
    "is_active": true,
    "publication": 1,
    "collection": 1
  }
},
{
  "model": "cmspages.publicationrelated",
  "pk": 1,
  "fields": {
    "created": "2020-11-25T09:10:42.440Z",
    "modified": "2020-11-25T09:10:42.440Z",
    "order": 10,
    "is_active": true,
    "publication": 1,
    "related": 4
  }
},
{
  "model": "cmspages.publicationrelated",
  "pk": 2,
  "fields": {
    "created": "2020-11-25T09:11:11.987Z",
    "modified": "2020-11-25T09:11:11.987Z",
    "order": 20,
    "is_active": true,
    "publication": 1,
    "related": 2
  }
},
{
  "model": "cmspages.publicationattachment",
  "pk": 1,
  "fields": {
    "created": "2020-11-25T09:51:03.248Z",
    "modified": "2020-11-25T09:51:03.248Z",
    "order": 10,
    "is_active": true,
    "publication": 1,
    "name": "allegato di prova",
    "file": "publications_attachments/1/Schermata_da_2020-09-09_11-57-00.png",
    "description": "Descrizione dell'allegato",
    "file_size": null,
    "file_type": null
  }
},
{
  "model": "cmspages.publicationlocalization",
  "pk": 1,
  "fields": {
    "created": "2020-11-09T15:37:55.487Z",
    "modified": "2020-11-09T15:37:55.488Z",
    "is_active": true,
    "title": "gdfg",
    "publication": 1,
    "language": "en",
    "subheading": "dfgdfgdf",
    "content": "<p>dfgdfgdfg</p>",
    "created_by": null,
    "modified_by": null
  }
}
]
