[
{
  "model": "accounts.user",
  "pk": 1,
  "fields": {
    "password": "pbkdf2_sha256$216000$aL1y4It24fXT$1Wk5h0sRihJB9e09LnevaV4lJukNGuZ5lno1kFXKLmY=",
    "last_login": "2020-12-02T16:50:23.977Z",
    "is_superuser": true,
    "username": "wert",
    "is_staff": true,
    "date_joined": "2020-10-29T09:08:47.271Z",
    "first_name": "Giuseppe",
    "last_name": "De Marco",
    "is_active": true,
    "email": "that@mail.org",
    "taxpayer_id": null,
    "matricola_studente": null,
    "matricola_dipendente": null,
    "groups": [],
    "user_permissions": []
  }
},
{
  "model": "accounts.user",
  "pk": 2,
  "fields": {
    "password": "pbkdf2_sha256$216000$VdsaV1CyuN6i$KmQ+lOwEGhP5WGh9Kaspel/M9jfseZKMOfrVydcaKVg=",
    "last_login": "2020-11-23T08:08:41.423Z",
    "is_superuser": true,
    "username": "felix",
    "is_staff": true,
    "date_joined": "2020-11-11T14:58:29.557Z",
    "first_name": "Francesco",
    "last_name": "Filicetti",
    "is_active": true,
    "email": "",
    "taxpayer_id": null,
    "matricola_studente": null,
    "matricola_dipendente": null,
    "groups": [],
    "user_permissions": []
  }
},
{
  "model": "taggit.tag",
  "pk": 1,
  "fields": {
    "name": "home",
    "slug": "home"
  }
},
{
  "model": "taggit.tag",
  "pk": 2,
  "fields": {
    "name": "unical",
    "slug": "unical"
  }
},
{
  "model": "taggit.tag",
  "pk": 3,
  "fields": {
    "name": "didattica",
    "slug": "didattica"
  }
},
{
  "model": "taggit.tag",
  "pk": 4,
  "fields": {
    "name": "eventi",
    "slug": "eventi"
  }
},
{
  "model": "taggit.tag",
  "pk": 5,
  "fields": {
    "name": "ricerca",
    "slug": "ricerca"
  }
},
{
  "model": "taggit.tag",
  "pk": 6,
  "fields": {
    "name": "cultura",
    "slug": "cultura"
  }
},
{
  "model": "taggit.tag",
  "pk": 7,
  "fields": {
    "name": "cinema",
    "slug": "cinema"
  }
},
{
  "model": "taggit.tag",
  "pk": 8,
  "fields": {
    "name": "campus",
    "slug": "campus"
  }
},
{
  "model": "taggit.tag",
  "pk": 9,
  "fields": {
    "name": "studiare",
    "slug": "studiare"
  }
},
{
  "model": "taggit.taggeditem",
  "pk": 1,
  "fields": {
    "tag": 1,
    "content_type": 22,
    "object_id": 1
  }
},
{
  "model": "taggit.taggeditem",
  "pk": 2,
  "fields": {
    "tag": 2,
    "content_type": 22,
    "object_id": 1
  }
},
{
  "model": "taggit.taggeditem",
  "pk": 3,
  "fields": {
    "tag": 3,
    "content_type": 27,
    "object_id": 1
  }
},
{
  "model": "taggit.taggeditem",
  "pk": 4,
  "fields": {
    "tag": 4,
    "content_type": 27,
    "object_id": 2
  }
},
{
  "model": "taggit.taggeditem",
  "pk": 5,
  "fields": {
    "tag": 5,
    "content_type": 27,
    "object_id": 3
  }
},
{
  "model": "taggit.taggeditem",
  "pk": 6,
  "fields": {
    "tag": 2,
    "content_type": 28,
    "object_id": 1
  }
},
{
  "model": "taggit.taggeditem",
  "pk": 7,
  "fields": {
    "tag": 2,
    "content_type": 33,
    "object_id": 4
  }
},
{
  "model": "taggit.taggeditem",
  "pk": 8,
  "fields": {
    "tag": 2,
    "content_type": 33,
    "object_id": 3
  }
},
{
  "model": "taggit.taggeditem",
  "pk": 9,
  "fields": {
    "tag": 2,
    "content_type": 33,
    "object_id": 1
  }
},
{
  "model": "taggit.taggeditem",
  "pk": 11,
  "fields": {
    "tag": 2,
    "content_type": 33,
    "object_id": 2
  }
},
{
  "model": "taggit.taggeditem",
  "pk": 12,
  "fields": {
    "tag": 4,
    "content_type": 33,
    "object_id": 5
  }
},
{
  "model": "taggit.taggeditem",
  "pk": 13,
  "fields": {
    "tag": 6,
    "content_type": 33,
    "object_id": 5
  }
},
{
  "model": "taggit.taggeditem",
  "pk": 14,
  "fields": {
    "tag": 7,
    "content_type": 33,
    "object_id": 5
  }
},
{
  "model": "taggit.taggeditem",
  "pk": 15,
  "fields": {
    "tag": 4,
    "content_type": 35,
    "object_id": 5
  }
},
{
  "model": "taggit.taggeditem",
  "pk": 16,
  "fields": {
    "tag": 6,
    "content_type": 35,
    "object_id": 5
  }
},
{
  "model": "taggit.taggeditem",
  "pk": 17,
  "fields": {
    "tag": 7,
    "content_type": 35,
    "object_id": 5
  }
},
{
  "model": "taggit.taggeditem",
  "pk": 18,
  "fields": {
    "tag": 8,
    "content_type": 35,
    "object_id": 2
  }
},
{
  "model": "taggit.taggeditem",
  "pk": 19,
  "fields": {
    "tag": 5,
    "content_type": 35,
    "object_id": 3
  }
},
{
  "model": "taggit.taggeditem",
  "pk": 20,
  "fields": {
    "tag": 9,
    "content_type": 35,
    "object_id": 4
  }
},
{
  "model": "taggit.taggeditem",
  "pk": 21,
  "fields": {
    "tag": 9,
    "content_type": 35,
    "object_id": 1
  }
},
{
  "model": "taggit.taggeditem",
  "pk": 22,
  "fields": {
    "tag": 2,
    "content_type": 28,
    "object_id": 2
  }
},
{
  "model": "taggit.taggeditem",
  "pk": 23,
  "fields": {
    "tag": 2,
    "content_type": 34,
    "object_id": 5
  }
},
{
  "model": "taggit.taggeditem",
  "pk": 25,
  "fields": {
    "tag": 2,
    "content_type": 34,
    "object_id": 4
  }
},
{
  "model": "taggit.taggeditem",
  "pk": 26,
  "fields": {
    "tag": 2,
    "content_type": 34,
    "object_id": 1
  }
},
{
  "model": "taggit.taggeditem",
  "pk": 27,
  "fields": {
    "tag": 2,
    "content_type": 25,
    "object_id": 1
  }
},
{
  "model": "taggit.taggeditem",
  "pk": 34,
  "fields": {
    "tag": 2,
    "content_type": 28,
    "object_id": 15
  }
},
{
  "model": "cms_templates.pagetemplate",
  "pk": 1,
  "fields": {
    "created": "2020-10-29T09:12:00.088Z",
    "modified": "2020-12-01T14:08:55.142Z",
    "is_active": true,
    "name": "Portale dell'Università della Calabria",
    "template_file": "portale_home_v3.html",
    "note": ""
  }
},
{
  "model": "cms_templates.pagetemplate",
  "pk": 2,
  "fields": {
    "created": "2020-11-20T09:31:57.345Z",
    "modified": "2020-12-01T14:59:28.479Z",
    "is_active": true,
    "name": "Sito dipartimento - DIMES",
    "template_file": "dipartimento_home_v3_dimes.html",
    "note": ""
  }
},
{
  "model": "cms_templates.templateblock",
  "pk": 1,
  "fields": {
    "created": "2020-11-18T14:57:16.531Z",
    "modified": "2020-11-18T14:57:16.531Z",
    "is_active": true,
    "name": "publication-main-preview",
    "description": null,
    "type": "cms_templates.blocks.HtmlBlock",
    "content": "{% load unicms_blocks %}\r\n\r\n            <div class=\"row negative-mt-5 mb-3\" >\r\n                <div class=\"col-12 col-md-3\">\r\n                    <div class=\"section-title-label px-3 py-1\">\r\n                        <h3>Unical <span class=\"super-bold\">world</span></h3>\r\n                    </div>\r\n                </div>\r\n            </div>\r\n\r\n            <div class=\"row\">\r\n                <div class=\"col-12 col-lg-9\">\r\n                    {% load_publications_preview template=\"publications_preview_v3.html\" %}\r\n                </div>\r\n                <div class=\"col-12 col-lg-3\">\r\n                    {% include \"unical_portale_agenda.html\" %}\r\n                </div>\r\n            </div>"
  }
},
{
  "model": "cms_templates.templateblock",
  "pk": 2,
  "fields": {
    "created": "2020-11-18T15:13:34.250Z",
    "modified": "2020-11-24T09:45:10.299Z",
    "is_active": true,
    "name": "main-carousel",
    "description": "",
    "type": "cms_templates.blocks.HtmlBlock",
    "content": "{% load unicms_carousels %}\r\n{% load_carousel section='slider' template=\"hero_slider.html\" %}\r\n\r\n<script>\r\n$(document).ready(function() {\r\n  $(\"#my-slider\").owlCarousel({\r\n      navigation : true, // Show next and prev buttons\r\n      loop: true,\r\n      slideSpeed : 300,\r\n      paginationSpeed : 400,\r\n      autoplay: true,\r\n      items : 1,\r\n      itemsDesktop : false,\r\n      itemsDesktopSmall : false,\r\n      itemsTablet: false,\r\n      itemsMobile : false,\r\n      dots: false\r\n  });\r\n});\r\n</script>"
  }
},
{
  "model": "cms_templates.templateblock",
  "pk": 3,
  "fields": {
    "created": "2020-11-18T15:13:52.548Z",
    "modified": "2020-11-18T15:13:52.548Z",
    "is_active": true,
    "name": "avvisi",
    "description": "",
    "type": "cms_templates.blocks.HtmlBlock",
    "content": "{% load static %}\r\n\r\n<div class=\"container py-5\">\r\n<div class=\"row\">\r\n<div class=\"d-none d-md-block col-md-3\">&nbsp;</div>\r\n<div class=\"col-12 col-md-9\">\r\n  <h3 class=\"super-bold\" style=\"padding-left:24px\">\r\n     Avvisi\r\n  </h3>\r\n</div>\r\n</div>\r\n        <div class=\"row\">\r\n            <div class=\"col-12 col-lg-3\" style=\"margin-top: 24px\">\r\n<button type=\"button\" class=\"btn btn-grey-presta btn-block btn-lg mb-2 text-left\">Tutti gli avvisi</button>\r\n                <button type=\"button\" class=\"btn btn-grey-presta btn-block btn-lg mb-2 text-left\">URP</button>\r\n                <button type=\"button\" class=\"btn btn-grey-presta btn-block btn-lg mb-2 text-left\">Amministrazione trasparente</button>\r\n                <button type=\"button\" class=\"btn btn-grey-presta btn-block btn-lg mb-2 text-left\">Sostieni Unical</button>\r\n            </div>\r\n            <div class=\"col-12 col-lg-9\">\r\n                {% include \"unical_portale_home_avvisi_v3.html\" %}\r\n            </div>\r\n        </div>\r\n\r\n        <a href=\"#\" aria-hidden=\"true\"\r\n           data-attribute=\"back-to-top\"\r\n           class=\"back-to-top back-to-top-small\">\r\n            <svg class=\"icon icon-light\">\r\n              <use xlink:href=\"{% static 'svg/sprite.svg' %}#it-arrow-up\"></use>\r\n            </svg>\r\n        </a>\r\n\r\n    </div>"
  }
},
{
  "model": "cms_templates.templateblock",
  "pk": 4,
  "fields": {
    "created": "2020-11-18T15:14:07.509Z",
    "modified": "2020-11-18T15:14:07.509Z",
    "is_active": true,
    "name": "youtube",
    "description": "",
    "type": "cms_templates.blocks.HtmlBlock",
    "content": "<div class=\"row\">\r\n<div class=\"col-12 col-md-6\">\r\n<iframe width=\"100%\" height=\"315\" src=\"https://www.youtube.com/embed/ArpMSujC8mM\" frameborder=\"0\" allow=\"accelerometer; autoplay; clipboard-write; encrypted-media; gyroscope; picture-in-picture\" allowfullscreen></iframe>\r\n</div>\r\n <div class=\"col-12 col-md-6\">\r\n<iframe width=\"100%\" height=\"315\" src=\"https://www.youtube.com/embed/xrjjJGqZpcU\" frameborder=\"0\" allow=\"accelerometer; autoplay; clipboard-write; encrypted-media; gyroscope; picture-in-picture\" allowfullscreen></iframe>\r\n</div>\r\n </div>"
  }
},
{
  "model": "cms_templates.templateblock",
  "pk": 5,
  "fields": {
    "created": "2020-11-18T15:45:36.383Z",
    "modified": "2020-11-18T15:50:20.335Z",
    "is_active": true,
    "name": "sadasd",
    "description": "asd",
    "type": "cms_templates.blocks.HtmlBlock",
    "content": "<h1>HAAAAAAAAAAAAAAa</h1>"
  }
},
{
  "model": "cms_templates.templateblock",
  "pk": 6,
  "fields": {
    "created": "2020-11-20T11:52:23.855Z",
    "modified": "2020-11-20T15:11:55.816Z",
    "is_active": true,
    "name": "publication-main-preview-DIPARTIMENTO",
    "description": "",
    "type": "cms_templates.blocks.HtmlBlock",
    "content": "{% load i18n %}\r\n{% load unicms_blocks %}\r\n\r\n<div class=\"row\">\r\n\r\n    <div class=\"col-12 col-lg-6\">\r\n        <div class=\"row negative-mt-5 mb-3\" >\r\n            <div class=\"col-12 col-md-6\">\r\n                <div class=\"section-title-label px-3 pt-3 pb-1\">\r\n                    <h5>{% trans \"tutto per gli studenti\" %}</h5>\r\n                </div>\r\n            </div>\r\n        </div>\r\n        {% load_publications_preview template=\"publications_preview_dipartimento_v3.html\" %}\r\n    </div>\r\n    \r\n    <div class=\"col-12 col-lg-3\">\r\n       <div class=\"row negative-mt-5 mb-3\" >\r\n            <div class=\"col-12\">\r\n                <div class=\"section-title-label px-3 pt-3 pb-1\">\r\n                    <h5>{% trans \"primo piano\" %}</h5>\r\n                </div>\r\n            </div>\r\n        </div>\r\n        {% load_publications_preview template=\"unical_portale_dipartimento_primo_piano_v3.html\" %}\r\n    </div>\r\n\r\n    <div class=\"col-12 col-lg-3\">\r\n        <div class=\"row negative-mt-5 mb-3\" >\r\n            <div class=\"col-12\">\r\n                <div class=\"px-3 pt-3 pb-1\">\r\n                    <h5>&nbsp;</h5>\r\n                </div>\r\n            </div>\r\n        </div>\r\n        {% include \"unical_portale_agenda.html\" %}\r\n    </div>\r\n    \r\n</div>"
  }
},
{
  "model": "cms_templates.templateblock",
  "pk": 7,
  "fields": {
    "created": "2020-12-01T14:08:42.924Z",
    "modified": "2020-12-01T14:59:11.269Z",
    "is_active": true,
    "name": "Main Menu",
    "description": "",
    "type": "cms_templates.blocks.HtmlBlock",
    "content": "{% load unicms_menus %}\r\n{% load_menu section='menu-1' template=\"main_menu.html\" %}"
  }
},
{
  "model": "cms_templates.pagetemplateblock",
  "pk": 1,
  "fields": {
    "created": "2020-11-18T14:59:39.901Z",
    "modified": "2020-11-18T14:59:39.901Z",
    "order": 10,
    "is_active": true,
    "template": 1,
    "block": 1,
    "section": "1"
  }
},
{
  "model": "cms_templates.pagetemplateblock",
  "pk": 2,
  "fields": {
    "created": "2020-11-18T15:15:05.043Z",
    "modified": "2020-11-18T15:15:05.043Z",
    "order": 5,
    "is_active": true,
    "template": 1,
    "block": 2,
    "section": "slider"
  }
},
{
  "model": "cms_templates.pagetemplateblock",
  "pk": 3,
  "fields": {
    "created": "2020-11-18T15:15:05.043Z",
    "modified": "2020-11-18T15:17:44.075Z",
    "order": 40,
    "is_active": true,
    "template": 1,
    "block": 3,
    "section": "2"
  }
},
{
  "model": "cms_templates.pagetemplateblock",
  "pk": 4,
  "fields": {
    "created": "2020-11-18T15:15:05.043Z",
    "modified": "2020-11-18T15:15:10.212Z",
    "order": 30,
    "is_active": true,
    "template": 1,
    "block": 4,
    "section": "1"
  }
},
{
  "model": "cms_templates.pagetemplateblock",
  "pk": 5,
  "fields": {
    "created": "2020-11-20T09:59:33.051Z",
    "modified": "2020-11-20T09:59:33.051Z",
    "order": 10,
    "is_active": true,
    "template": 2,
    "block": 2,
    "section": "slider"
  }
},
{
  "model": "cms_templates.pagetemplateblock",
  "pk": 6,
  "fields": {
    "created": "2020-11-20T11:52:46.129Z",
    "modified": "2020-11-20T11:52:46.129Z",
    "order": 10,
    "is_active": true,
    "template": 2,
    "block": 6,
    "section": "1"
  }
},
{
  "model": "cms_templates.pagetemplateblock",
  "pk": 7,
  "fields": {
    "created": "2020-12-01T14:08:55.143Z",
    "modified": "2020-12-01T14:08:55.143Z",
    "order": 1,
    "is_active": true,
    "template": 1,
    "block": 7,
    "section": "menu-1"
  }
},
{
  "model": "cms_templates.pagetemplateblock",
  "pk": 8,
  "fields": {
    "created": "2020-12-01T14:59:28.480Z",
    "modified": "2020-12-01T14:59:28.480Z",
    "order": 10,
    "is_active": true,
    "template": 2,
    "block": 7,
    "section": "menu-1"
  }
},
{
  "model": "cms_carousels.carousel",
  "pk": 1,
  "fields": {
    "created": "2020-10-30T16:33:34.047Z",
    "modified": "2020-11-02T10:45:06.229Z",
    "is_active": true,
    "name": "Portale Unical Home",
    "description": "Carosello principale di immagini e notizie",
    "created_by": null,
    "modified_by": null
  }
},
{
  "model": "cms_carousels.carouselitem",
  "pk": 1,
  "fields": {
    "created": "2020-10-30T16:35:38.477Z",
    "modified": "2020-11-02T10:45:06.234Z",
    "order": 1,
    "is_active": true,
    "carousel": 1,
    "image": 1,
    "pre_heading": "Benvenuti",
    "heading": "Questa è una Intestazione",
    "description": "Questo è il corpo del messaggio."
  }
},
{
  "model": "cms_carousels.carouselitem",
  "pk": 2,
  "fields": {
    "created": "2020-10-31T13:54:29.853Z",
    "modified": "2020-11-02T10:44:42.912Z",
    "order": 2,
    "is_active": true,
    "carousel": 1,
    "image": 2,
    "pre_heading": "Studenti",
    "heading": "Altro elemento",
    "description": "La foto di background viene automaticamente rivestita di un overlay grigio per migliorare il contrasto con il testo in sovraimpressione. In caso di assenza di testo la foto non verrà scurita."
  }
},
{
  "model": "cms_carousels.carouselitem",
  "pk": 3,
  "fields": {
    "created": "2020-10-31T15:04:48.019Z",
    "modified": "2020-11-02T10:45:06.232Z",
    "order": 0,
    "is_active": true,
    "carousel": 1,
    "image": 3,
    "pre_heading": "Per gli studenti",
    "heading": "Innovare non è un'opzione",
    "description": "E possibile definire l'ordine di apparizione degli elementi di carousel con un semplice drag and drop"
  }
},
{
  "model": "cms_carousels.carouselitemlocalization",
  "pk": 1,
  "fields": {
    "created": "2020-10-30T16:43:19.241Z",
    "modified": "2020-10-30T16:43:19.241Z",
    "order": 0,
    "is_active": true,
    "carousel_item": 1,
    "language": "en",
    "pre_heading": "Welcome",
    "heading": "that thing",
    "description": ""
  }
},
{
  "model": "cms_carousels.carouselitemlocalization",
  "pk": 2,
  "fields": {
    "created": "2020-11-02T09:34:48.487Z",
    "modified": "2020-11-02T09:34:48.487Z",
    "order": 0,
    "is_active": true,
    "carousel_item": 3,
    "language": "en",
    "pre_heading": "Students first",
    "heading": "Innovation is not an option",
    "description": "We can even control the order of the carousel items and modify it with a simple drag and drop, via backend"
  }
},
{
  "model": "cms_carousels.carouselitemlink",
  "pk": 1,
  "fields": {
    "created": "2020-10-31T14:05:01.913Z",
    "modified": "2020-10-31T14:14:51.624Z",
    "order": 0,
    "is_active": true,
    "carousel_item": 1,
    "title_preset": "read more",
    "title": null,
    "url": "#"
  }
},
{
  "model": "cms_carousels.carouselitemlink",
  "pk": 2,
  "fields": {
    "created": "2020-11-02T09:32:19.175Z",
    "modified": "2020-11-02T09:32:19.175Z",
    "order": 0,
    "is_active": true,
    "carousel_item": 3,
    "title_preset": "read more",
    "title": null,
    "url": "#"
  }
},
{
  "model": "cms_menus.navigationbar",
  "pk": 1,
  "fields": {
    "created": "2020-10-30T14:06:46.447Z",
    "modified": "2020-11-19T10:10:56.028Z",
    "is_active": true,
    "name": "Unical Portale - Menu principale",
    "created_by": null,
    "modified_by": null
  }
},
{
  "model": "cms_menus.navigationbar",
  "pk": 2,
  "fields": {
    "created": "2020-11-02T09:42:43.659Z",
    "modified": "2020-11-02T09:43:31.256Z",
    "is_active": true,
    "name": "Unical Portale Menu Secondario",
    "created_by": null,
    "modified_by": null
  }
},
{
  "model": "cms_menus.navigationbar",
  "pk": 18,
  "fields": {
    "created": "2020-11-20T10:28:27.095Z",
    "modified": "2020-11-20T10:28:27.095Z",
    "is_active": true,
    "name": "DIMES - Menu secondario",
    "created_by": null,
    "modified_by": null
  }
},
{
  "model": "cms_menus.navigationbar",
  "pk": 19,
  "fields": {
    "created": "2020-11-20T17:15:19.394Z",
    "modified": "2020-11-20T17:15:35.907Z",
    "is_active": true,
    "name": "DIMES - Menu Principale",
    "created_by": null,
    "modified_by": null
  }
},
{
  "model": "cms_menus.navigationbaritem",
  "pk": 1,
  "fields": {
    "created": "2020-10-29T09:18:53.178Z",
    "modified": "2020-11-19T09:19:24.028Z",
    "order": 2,
    "is_active": true,
    "menu": 1,
    "name": "Ateneo",
    "webpath": null,
    "parent": null,
    "url": null,
    "publication": null,
    "inherited_content": null,
    "created_by": null,
    "modified_by": null
  }
},
{
  "model": "cms_menus.navigationbaritem",
  "pk": 2,
  "fields": {
    "created": "2020-10-29T09:19:21.186Z",
    "modified": "2020-11-12T16:35:29.106Z",
    "order": 0,
    "is_active": true,
    "menu": 1,
    "name": "Didattica",
    "webpath": null,
    "parent": null,
    "url": null,
    "publication": null,
    "inherited_content": null,
    "created_by": null,
    "modified_by": null
  }
},
{
  "model": "cms_menus.navigationbaritem",
  "pk": 3,
  "fields": {
    "created": "2020-10-29T09:19:36.099Z",
    "modified": "2020-11-18T17:54:29.541Z",
    "order": 1,
    "is_active": true,
    "menu": 1,
    "name": "Campus",
    "webpath": null,
    "parent": null,
    "url": null,
    "publication": null,
    "inherited_content": null,
    "created_by": null,
    "modified_by": null
  }
},
{
  "model": "cms_menus.navigationbaritem",
  "pk": 4,
  "fields": {
    "created": "2020-10-29T09:19:48.538Z",
    "modified": "2020-11-19T09:45:36.247Z",
    "order": 4,
    "is_active": true,
    "menu": 1,
    "name": "Ricerca",
    "webpath": null,
    "parent": null,
    "url": null,
    "publication": null,
    "inherited_content": null,
    "created_by": null,
    "modified_by": null
  }
},
{
  "model": "cms_menus.navigationbaritem",
  "pk": 5,
  "fields": {
    "created": "2020-10-29T09:20:02.598Z",
    "modified": "2020-11-19T09:45:36.249Z",
    "order": 5,
    "is_active": true,
    "menu": 1,
    "name": "Innovazione",
    "webpath": null,
    "parent": null,
    "url": null,
    "publication": null,
    "inherited_content": null,
    "created_by": null,
    "modified_by": null
  }
},
{
  "model": "cms_menus.navigationbaritem",
  "pk": 6,
  "fields": {
    "created": "2020-10-29T09:20:19.287Z",
    "modified": "2020-11-19T09:45:36.244Z",
    "order": 3,
    "is_active": true,
    "menu": 1,
    "name": "Internazionale",
    "webpath": null,
    "parent": null,
    "url": null,
    "publication": null,
    "inherited_content": null,
    "created_by": null,
    "modified_by": null
  }
},
{
  "model": "cms_menus.navigationbaritem",
  "pk": 7,
  "fields": {
    "created": "2020-10-29T09:27:04.167Z",
    "modified": "2020-11-19T09:19:24.038Z",
    "order": 7,
    "is_active": true,
    "menu": 1,
    "name": "Lauree Triennali",
    "webpath": null,
    "parent": 2,
    "url": "#",
    "publication": null,
    "inherited_content": null,
    "created_by": null,
    "modified_by": null
  }
},
{
  "model": "cms_menus.navigationbaritem",
  "pk": 8,
  "fields": {
    "created": "2020-10-29T09:28:17.305Z",
    "modified": "2020-11-19T09:19:24.040Z",
    "order": 8,
    "is_active": true,
    "menu": 1,
    "name": "Lauree Magistrali a ciclo unico",
    "webpath": null,
    "parent": 2,
    "url": "#",
    "publication": null,
    "inherited_content": null,
    "created_by": null,
    "modified_by": null
  }
},
{
  "model": "cms_menus.navigationbaritem",
  "pk": 9,
  "fields": {
    "created": "2020-10-29T09:29:16.363Z",
    "modified": "2020-11-19T09:19:24.042Z",
    "order": 9,
    "is_active": true,
    "menu": 1,
    "name": "Lauree Magistrali",
    "webpath": null,
    "parent": 2,
    "url": "#",
    "publication": null,
    "inherited_content": null,
    "created_by": null,
    "modified_by": null
  }
},
{
  "model": "cms_menus.navigationbaritem",
  "pk": 12,
  "fields": {
    "created": "2020-11-02T09:43:31.257Z",
    "modified": "2020-11-02T09:43:31.257Z",
    "order": 0,
    "is_active": true,
    "menu": 2,
    "name": "my Unical",
    "webpath": null,
    "parent": null,
    "url": "#",
    "publication": null,
    "inherited_content": null,
    "created_by": null,
    "modified_by": null
  }
},
{
  "model": "cms_menus.navigationbaritem",
  "pk": 13,
  "fields": {
    "created": "2020-11-02T09:43:31.258Z",
    "modified": "2020-11-02T09:43:31.258Z",
    "order": 1,
    "is_active": true,
    "menu": 2,
    "name": "Orienta Unical",
    "webpath": null,
    "parent": null,
    "url": "#",
    "publication": null,
    "inherited_content": null,
    "created_by": null,
    "modified_by": null
  }
},
{
  "model": "cms_menus.navigationbaritem",
  "pk": 14,
  "fields": {
    "created": "2020-11-02T09:43:31.258Z",
    "modified": "2020-11-02T09:43:31.258Z",
    "order": 2,
    "is_active": true,
    "menu": 2,
    "name": "Unical Store",
    "webpath": null,
    "parent": null,
    "url": "#",
    "publication": null,
    "inherited_content": null,
    "created_by": null,
    "modified_by": null
  }
},
{
  "model": "cms_menus.navigationbaritem",
  "pk": 15,
  "fields": {
    "created": "2020-11-12T15:59:19.881Z",
    "modified": "2020-11-19T09:19:24.036Z",
    "order": 6,
    "is_active": true,
    "menu": 1,
    "name": "Offerta Formativa",
    "webpath": null,
    "parent": 2,
    "url": null,
    "publication": null,
    "inherited_content": null,
    "created_by": null,
    "modified_by": null
  }
},
{
  "model": "cms_menus.navigationbaritem",
  "pk": 16,
  "fields": {
    "created": "2020-11-12T16:09:30.409Z",
    "modified": "2020-11-19T09:19:24.044Z",
    "order": 10,
    "is_active": true,
    "menu": 1,
    "name": "Corsi Post-Laurea",
    "webpath": null,
    "parent": 2,
    "url": "#",
    "publication": null,
    "inherited_content": null,
    "created_by": null,
    "modified_by": null
  }
},
{
  "model": "cms_menus.navigationbaritem",
  "pk": 19,
  "fields": {
    "created": "2020-11-12T16:09:30.410Z",
    "modified": "2020-11-19T09:19:24.046Z",
    "order": 11,
    "is_active": true,
    "menu": 1,
    "name": "Orientamento",
    "webpath": null,
    "parent": 2,
    "url": "#",
    "publication": null,
    "inherited_content": null,
    "created_by": null,
    "modified_by": null
  }
},
{
  "model": "cms_menus.navigationbaritem",
  "pk": 21,
  "fields": {
    "created": "2020-11-12T16:26:45.451Z",
    "modified": "2020-11-19T09:19:24.048Z",
    "order": 12,
    "is_active": true,
    "menu": 1,
    "name": "Iscrizioni e servizi",
    "webpath": null,
    "parent": 2,
    "url": null,
    "publication": null,
    "inherited_content": null,
    "created_by": null,
    "modified_by": null
  }
},
{
  "model": "cms_menus.navigationbaritem",
  "pk": 22,
  "fields": {
    "created": "2020-11-12T16:26:45.451Z",
    "modified": "2020-11-19T09:19:24.050Z",
    "order": 13,
    "is_active": true,
    "menu": 1,
    "name": "Ammissione, iscrizioni",
    "webpath": null,
    "parent": 2,
    "url": "#",
    "publication": null,
    "inherited_content": null,
    "created_by": null,
    "modified_by": null
  }
},
{
  "model": "cms_menus.navigationbaritem",
  "pk": 23,
  "fields": {
    "created": "2020-11-12T16:26:45.451Z",
    "modified": "2020-11-19T09:19:24.052Z",
    "order": 14,
    "is_active": true,
    "menu": 1,
    "name": "Trasferimenti e passaggi di corso",
    "webpath": null,
    "parent": 2,
    "url": "#",
    "publication": null,
    "inherited_content": null,
    "created_by": null,
    "modified_by": null
  }
},
{
  "model": "cms_menus.navigationbaritem",
  "pk": 24,
  "fields": {
    "created": "2020-11-12T16:26:45.452Z",
    "modified": "2020-11-19T09:19:24.053Z",
    "order": 15,
    "is_active": true,
    "menu": 1,
    "name": "Borse e servizi di supporto",
    "webpath": null,
    "parent": 2,
    "url": "#",
    "publication": null,
    "inherited_content": null,
    "created_by": null,
    "modified_by": null
  }
},
{
  "model": "cms_menus.navigationbaritem",
  "pk": 25,
  "fields": {
    "created": "2020-11-12T16:26:45.452Z",
    "modified": "2020-11-19T09:19:24.055Z",
    "order": 16,
    "is_active": true,
    "menu": 1,
    "name": "Servizi per studenti con disabili",
    "webpath": null,
    "parent": 2,
    "url": "#",
    "publication": null,
    "inherited_content": null,
    "created_by": null,
    "modified_by": null
  }
},
{
  "model": "cms_menus.navigationbaritem",
  "pk": 26,
  "fields": {
    "created": "2020-11-12T16:28:25.860Z",
    "modified": "2020-11-19T09:19:24.057Z",
    "order": 17,
    "is_active": true,
    "menu": 1,
    "name": "visita il campus",
    "webpath": null,
    "parent": 3,
    "url": null,
    "publication": null,
    "inherited_content": null,
    "created_by": null,
    "modified_by": null
  }
},
{
  "model": "cms_menus.navigationbaritem",
  "pk": 27,
  "fields": {
    "created": "2020-11-12T16:28:25.860Z",
    "modified": "2020-11-19T09:19:24.059Z",
    "order": 18,
    "is_active": true,
    "menu": 1,
    "name": "Storia e architettura",
    "webpath": null,
    "parent": 3,
    "url": "#",
    "publication": null,
    "inherited_content": null,
    "created_by": null,
    "modified_by": null
  }
},
{
  "model": "cms_menus.navigationbaritem",
  "pk": 28,
  "fields": {
    "created": "2020-11-12T16:29:52.952Z",
    "modified": "2020-11-19T09:19:24.070Z",
    "order": 24,
    "is_active": true,
    "menu": 1,
    "name": "Servizi per",
    "webpath": null,
    "parent": 3,
    "url": null,
    "publication": null,
    "inherited_content": null,
    "created_by": null,
    "modified_by": null
  }
},
{
  "model": "cms_menus.navigationbaritem",
  "pk": 29,
  "fields": {
    "created": "2020-11-12T16:29:52.953Z",
    "modified": "2020-11-19T09:19:24.072Z",
    "order": 25,
    "is_active": true,
    "menu": 1,
    "name": "Studenti futuri",
    "webpath": null,
    "parent": 3,
    "url": "#",
    "publication": null,
    "inherited_content": null,
    "created_by": null,
    "modified_by": null
  }
},
{
  "model": "cms_menus.navigationbaritem",
  "pk": 30,
  "fields": {
    "created": "2020-11-12T16:29:52.953Z",
    "modified": "2020-11-19T09:19:24.074Z",
    "order": 26,
    "is_active": true,
    "menu": 1,
    "name": "Studenti iscritti",
    "webpath": null,
    "parent": 3,
    "url": "#",
    "publication": null,
    "inherited_content": null,
    "created_by": null,
    "modified_by": null
  }
},
{
  "model": "cms_menus.navigationbaritem",
  "pk": 31,
  "fields": {
    "created": "2020-11-12T16:29:52.953Z",
    "modified": "2020-11-19T09:19:24.076Z",
    "order": 27,
    "is_active": true,
    "menu": 1,
    "name": "Laureati",
    "webpath": null,
    "parent": 3,
    "url": "#",
    "publication": null,
    "inherited_content": null,
    "created_by": null,
    "modified_by": null
  }
},
{
  "model": "cms_menus.navigationbaritem",
  "pk": 32,
  "fields": {
    "created": "2020-11-12T16:30:49.005Z",
    "modified": "2020-11-19T09:50:43.825Z",
    "order": 34,
    "is_active": true,
    "menu": 1,
    "name": "Strutture della Ricerca",
    "webpath": null,
    "parent": 4,
    "url": "#",
    "publication": null,
    "inherited_content": null,
    "created_by": null,
    "modified_by": null
  }
},
{
  "model": "cms_menus.navigationbaritem",
  "pk": 33,
  "fields": {
    "created": "2020-11-12T16:30:49.006Z",
    "modified": "2020-11-19T09:50:43.827Z",
    "order": 35,
    "is_active": true,
    "menu": 1,
    "name": "Ambiti",
    "webpath": null,
    "parent": 4,
    "url": "#",
    "publication": null,
    "inherited_content": null,
    "created_by": null,
    "modified_by": null
  }
},
{
  "model": "cms_menus.navigationbaritem",
  "pk": 34,
  "fields": {
    "created": "2020-11-12T16:30:49.006Z",
    "modified": "2020-11-19T09:50:43.829Z",
    "order": 36,
    "is_active": true,
    "menu": 1,
    "name": "Dottorati",
    "webpath": null,
    "parent": 4,
    "url": "#",
    "publication": null,
    "inherited_content": null,
    "created_by": null,
    "modified_by": null
  }
},
{
  "model": "cms_menus.navigationbaritem",
  "pk": 35,
  "fields": {
    "created": "2020-11-12T16:32:46.287Z",
    "modified": "2020-11-19T09:51:34.132Z",
    "order": 37,
    "is_active": true,
    "menu": 1,
    "name": "Innovazione",
    "webpath": null,
    "parent": 5,
    "url": null,
    "publication": null,
    "inherited_content": null,
    "created_by": null,
    "modified_by": null
  }
},
{
  "model": "cms_menus.navigationbaritem",
  "pk": 36,
  "fields": {
    "created": "2020-11-12T16:32:46.287Z",
    "modified": "2020-11-19T09:51:34.135Z",
    "order": 38,
    "is_active": true,
    "menu": 1,
    "name": "Innovazione e imprese",
    "webpath": null,
    "parent": 5,
    "url": "#",
    "publication": null,
    "inherited_content": null,
    "created_by": null,
    "modified_by": null
  }
},
{
  "model": "cms_menus.navigationbaritem",
  "pk": 37,
  "fields": {
    "created": "2020-11-12T16:32:46.288Z",
    "modified": "2020-11-19T09:51:34.137Z",
    "order": 39,
    "is_active": true,
    "menu": 1,
    "name": "Cultura",
    "webpath": null,
    "parent": 5,
    "url": "#",
    "publication": null,
    "inherited_content": null,
    "created_by": null,
    "modified_by": null
  }
},
{
  "model": "cms_menus.navigationbaritem",
  "pk": 38,
  "fields": {
    "created": "2020-11-12T16:32:46.288Z",
    "modified": "2020-11-19T09:50:43.838Z",
    "order": 40,
    "is_active": true,
    "menu": 1,
    "name": "Società",
    "webpath": null,
    "parent": 5,
    "url": "#",
    "publication": null,
    "inherited_content": null,
    "created_by": null,
    "modified_by": null
  }
},
{
  "model": "cms_menus.navigationbaritem",
  "pk": 39,
  "fields": {
    "created": "2020-11-12T16:32:46.289Z",
    "modified": "2020-11-19T09:50:43.840Z",
    "order": 41,
    "is_active": true,
    "menu": 1,
    "name": "Reti",
    "webpath": null,
    "parent": 5,
    "url": "#",
    "publication": null,
    "inherited_content": null,
    "created_by": null,
    "modified_by": null
  }
},
{
  "model": "cms_menus.navigationbaritem",
  "pk": 40,
  "fields": {
    "created": "2020-11-12T16:34:22.931Z",
    "modified": "2020-11-19T09:50:43.844Z",
    "order": 43,
    "is_active": true,
    "menu": 1,
    "name": "Accordi e network",
    "webpath": null,
    "parent": 6,
    "url": "#",
    "publication": null,
    "inherited_content": null,
    "created_by": null,
    "modified_by": null
  }
},
{
  "model": "cms_menus.navigationbaritem",
  "pk": 41,
  "fields": {
    "created": "2020-11-12T16:34:22.932Z",
    "modified": "2020-11-19T09:50:43.846Z",
    "order": 44,
    "is_active": true,
    "menu": 1,
    "name": "Studiare all’estero",
    "webpath": null,
    "parent": 6,
    "url": "#",
    "publication": null,
    "inherited_content": null,
    "created_by": null,
    "modified_by": null
  }
},
{
  "model": "cms_menus.navigationbaritem",
  "pk": 42,
  "fields": {
    "created": "2020-11-12T16:34:22.932Z",
    "modified": "2020-11-19T09:50:43.847Z",
    "order": 45,
    "is_active": true,
    "menu": 1,
    "name": "Studenti internazionali",
    "webpath": null,
    "parent": 6,
    "url": "#",
    "publication": null,
    "inherited_content": null,
    "created_by": null,
    "modified_by": null
  }
},
{
  "model": "cms_menus.navigationbaritem",
  "pk": 44,
  "fields": {
    "created": "2020-11-12T16:34:22.933Z",
    "modified": "2020-11-19T09:50:43.850Z",
    "order": 46,
    "is_active": true,
    "menu": 1,
    "name": "Mobilità internazionale",
    "webpath": null,
    "parent": 6,
    "url": "#",
    "publication": null,
    "inherited_content": null,
    "created_by": null,
    "modified_by": null
  }
},
{
  "model": "cms_menus.navigationbaritem",
  "pk": 45,
  "fields": {
    "created": "2020-11-12T16:38:06.977Z",
    "modified": "2020-11-19T09:50:43.854Z",
    "order": 48,
    "is_active": true,
    "menu": 1,
    "name": "Storia e Missione",
    "webpath": null,
    "parent": 1,
    "url": "#",
    "publication": null,
    "inherited_content": null,
    "created_by": null,
    "modified_by": null
  }
},
{
  "model": "cms_menus.navigationbaritem",
  "pk": 46,
  "fields": {
    "created": "2020-11-12T16:38:06.978Z",
    "modified": "2020-11-19T09:50:43.852Z",
    "order": 47,
    "is_active": true,
    "menu": 1,
    "name": "Organizzazione",
    "webpath": null,
    "parent": 1,
    "url": null,
    "publication": null,
    "inherited_content": null,
    "created_by": null,
    "modified_by": null
  }
},
{
  "model": "cms_menus.navigationbaritem",
  "pk": 47,
  "fields": {
    "created": "2020-11-12T16:38:06.978Z",
    "modified": "2020-11-19T09:50:43.855Z",
    "order": 49,
    "is_active": true,
    "menu": 1,
    "name": "Organi",
    "webpath": null,
    "parent": 1,
    "url": "#",
    "publication": null,
    "inherited_content": null,
    "created_by": null,
    "modified_by": null
  }
},
{
  "model": "cms_menus.navigationbaritem",
  "pk": 48,
  "fields": {
    "created": "2020-11-12T16:38:06.978Z",
    "modified": "2020-11-19T09:50:43.857Z",
    "order": 50,
    "is_active": true,
    "menu": 1,
    "name": "Linee strategiche",
    "webpath": null,
    "parent": 1,
    "url": "#",
    "publication": null,
    "inherited_content": null,
    "created_by": null,
    "modified_by": null
  }
},
{
  "model": "cms_menus.navigationbaritem",
  "pk": 49,
  "fields": {
    "created": "2020-11-12T16:38:06.979Z",
    "modified": "2020-11-19T09:50:43.859Z",
    "order": 51,
    "is_active": true,
    "menu": 1,
    "name": "Qualità didattica",
    "webpath": null,
    "parent": 1,
    "url": "#",
    "publication": null,
    "inherited_content": null,
    "created_by": null,
    "modified_by": null
  }
},
{
  "model": "cms_menus.navigationbaritem",
  "pk": 50,
  "fields": {
    "created": "2020-11-12T16:38:06.979Z",
    "modified": "2020-11-19T09:50:43.861Z",
    "order": 52,
    "is_active": true,
    "menu": 1,
    "name": "Qualità ricerca",
    "webpath": null,
    "parent": 1,
    "url": "#",
    "publication": null,
    "inherited_content": null,
    "created_by": null,
    "modified_by": null
  }
},
{
  "model": "cms_menus.navigationbaritem",
  "pk": 51,
  "fields": {
    "created": "2020-11-12T16:38:06.979Z",
    "modified": "2020-11-19T09:50:43.863Z",
    "order": 53,
    "is_active": true,
    "menu": 1,
    "name": "Statuto e regolamenti",
    "webpath": null,
    "parent": 1,
    "url": "#",
    "publication": null,
    "inherited_content": null,
    "created_by": null,
    "modified_by": null
  }
},
{
  "model": "cms_menus.navigationbaritem",
  "pk": 52,
  "fields": {
    "created": "2020-11-18T17:52:09.336Z",
    "modified": "2020-11-19T09:50:43.865Z",
    "order": 54,
    "is_active": true,
    "menu": 1,
    "name": "Strutture",
    "webpath": null,
    "parent": 1,
    "url": null,
    "publication": null,
    "inherited_content": null,
    "created_by": null,
    "modified_by": null
  }
},
{
  "model": "cms_menus.navigationbaritem",
  "pk": 53,
  "fields": {
    "created": "2020-11-18T17:56:03.148Z",
    "modified": "2020-11-19T09:19:24.060Z",
    "order": 19,
    "is_active": true,
    "menu": 1,
    "name": "Come raggiungerci",
    "webpath": null,
    "parent": 3,
    "url": "#",
    "publication": null,
    "inherited_content": null,
    "created_by": null,
    "modified_by": null
  }
},
{
  "model": "cms_menus.navigationbaritem",
  "pk": 54,
  "fields": {
    "created": "2020-11-18T17:56:03.149Z",
    "modified": "2020-11-19T09:19:24.062Z",
    "order": 20,
    "is_active": true,
    "menu": 1,
    "name": "Mappa interativa",
    "webpath": null,
    "parent": 3,
    "url": "#",
    "publication": null,
    "inherited_content": null,
    "created_by": null,
    "modified_by": null
  }
},
{
  "model": "cms_menus.navigationbaritem",
  "pk": 55,
  "fields": {
    "created": "2020-11-18T17:56:03.149Z",
    "modified": "2020-11-19T09:19:24.064Z",
    "order": 21,
    "is_active": true,
    "menu": 1,
    "name": "Foto gallery/visita video",
    "webpath": null,
    "parent": 3,
    "url": "#",
    "publication": null,
    "inherited_content": null,
    "created_by": null,
    "modified_by": null
  }
},
{
  "model": "cms_menus.navigationbaritem",
  "pk": 56,
  "fields": {
    "created": "2020-11-18T17:56:03.149Z",
    "modified": "2020-11-19T09:19:24.066Z",
    "order": 22,
    "is_active": true,
    "menu": 1,
    "name": "Territorio",
    "webpath": null,
    "parent": 3,
    "url": "#",
    "publication": null,
    "inherited_content": null,
    "created_by": null,
    "modified_by": null
  }
},
{
  "model": "cms_menus.navigationbaritem",
  "pk": 57,
  "fields": {
    "created": "2020-11-18T17:56:03.149Z",
    "modified": "2020-11-19T09:19:24.067Z",
    "order": 23,
    "is_active": true,
    "menu": 1,
    "name": "Servizi accoglienza visitatori?",
    "webpath": null,
    "parent": 3,
    "url": "#",
    "publication": null,
    "inherited_content": null,
    "created_by": null,
    "modified_by": null
  }
},
{
  "model": "cms_menus.navigationbaritem",
  "pk": 58,
  "fields": {
    "created": "2020-11-18T18:15:07.072Z",
    "modified": "2020-11-19T09:19:24.078Z",
    "order": 28,
    "is_active": true,
    "menu": 1,
    "name": "Vivere il campus",
    "webpath": null,
    "parent": 3,
    "url": null,
    "publication": null,
    "inherited_content": null,
    "created_by": null,
    "modified_by": null
  }
},
{
  "model": "cms_menus.navigationbaritem",
  "pk": 59,
  "fields": {
    "created": "2020-11-18T18:15:07.073Z",
    "modified": "2020-11-19T09:19:24.079Z",
    "order": 29,
    "is_active": true,
    "menu": 1,
    "name": "Musei",
    "webpath": null,
    "parent": 3,
    "url": "#",
    "publication": null,
    "inherited_content": null,
    "created_by": null,
    "modified_by": null
  }
},
{
  "model": "cms_menus.navigationbaritem",
  "pk": 60,
  "fields": {
    "created": "2020-11-18T18:15:07.073Z",
    "modified": "2020-11-19T09:19:24.081Z",
    "order": 30,
    "is_active": true,
    "menu": 1,
    "name": "Teatri - Cinema",
    "webpath": null,
    "parent": 3,
    "url": "#",
    "publication": null,
    "inherited_content": null,
    "created_by": null,
    "modified_by": null
  }
},
{
  "model": "cms_menus.navigationbaritem",
  "pk": 61,
  "fields": {
    "created": "2020-11-18T18:15:07.073Z",
    "modified": "2020-11-19T09:19:24.083Z",
    "order": 31,
    "is_active": true,
    "menu": 1,
    "name": "Sistema Bibliotecario",
    "webpath": null,
    "parent": 3,
    "url": "#",
    "publication": null,
    "inherited_content": null,
    "created_by": null,
    "modified_by": null
  }
},
{
  "model": "cms_menus.navigationbaritem",
  "pk": 62,
  "fields": {
    "created": "2020-11-18T18:15:07.073Z",
    "modified": "2020-11-19T09:19:24.085Z",
    "order": 32,
    "is_active": true,
    "menu": 1,
    "name": "Centro sanitario",
    "webpath": null,
    "parent": 3,
    "url": "#",
    "publication": null,
    "inherited_content": null,
    "created_by": null,
    "modified_by": null
  }
},
{
  "model": "cms_menus.navigationbaritem",
  "pk": 93,
  "fields": {
    "created": "2020-11-19T09:41:13.963Z",
    "modified": "2020-11-19T09:50:43.867Z",
    "order": 55,
    "is_active": true,
    "menu": 1,
    "name": "Dipartimenti",
    "webpath": null,
    "parent": 1,
    "url": "#",
    "publication": null,
    "inherited_content": null,
    "created_by": null,
    "modified_by": null
  }
},
{
  "model": "cms_menus.navigationbaritem",
  "pk": 94,
  "fields": {
    "created": "2020-11-19T09:41:14.001Z",
    "modified": "2020-11-19T09:50:43.869Z",
    "order": 56,
    "is_active": true,
    "menu": 1,
    "name": "Centro Residenziale",
    "webpath": null,
    "parent": 1,
    "url": "#",
    "publication": null,
    "inherited_content": null,
    "created_by": null,
    "modified_by": null
  }
},
{
  "model": "cms_menus.navigationbaritem",
  "pk": 95,
  "fields": {
    "created": "2020-11-19T09:41:14.046Z",
    "modified": "2020-11-19T09:50:43.871Z",
    "order": 57,
    "is_active": true,
    "menu": 1,
    "name": "Amministrazione",
    "webpath": null,
    "parent": 1,
    "url": "#",
    "publication": null,
    "inherited_content": null,
    "created_by": null,
    "modified_by": null
  }
},
{
  "model": "cms_menus.navigationbaritem",
  "pk": 96,
  "fields": {
    "created": "2020-11-19T09:41:14.068Z",
    "modified": "2020-11-19T09:50:43.873Z",
    "order": 58,
    "is_active": true,
    "menu": 1,
    "name": "Uffici di staff al Rettore",
    "webpath": null,
    "parent": 1,
    "url": "#",
    "publication": null,
    "inherited_content": null,
    "created_by": null,
    "modified_by": null
  }
},
{
  "model": "cms_menus.navigationbaritem",
  "pk": 97,
  "fields": {
    "created": "2020-11-19T09:41:14.084Z",
    "modified": "2020-11-19T09:50:43.875Z",
    "order": 59,
    "is_active": true,
    "menu": 1,
    "name": "Uffici di staff al Direttore",
    "webpath": null,
    "parent": 1,
    "url": "#",
    "publication": null,
    "inherited_content": null,
    "created_by": null,
    "modified_by": null
  }
},
{
  "model": "cms_menus.navigationbaritem",
  "pk": 98,
  "fields": {
    "created": "2020-11-19T09:41:14.101Z",
    "modified": "2020-11-19T09:50:43.876Z",
    "order": 60,
    "is_active": true,
    "menu": 1,
    "name": "Musei",
    "webpath": null,
    "parent": 1,
    "url": "#",
    "publication": null,
    "inherited_content": null,
    "created_by": null,
    "modified_by": null
  }
},
{
  "model": "cms_menus.navigationbaritem",
  "pk": 99,
  "fields": {
    "created": "2020-11-19T09:41:14.127Z",
    "modified": "2020-11-19T09:50:43.878Z",
    "order": 61,
    "is_active": true,
    "menu": 1,
    "name": "Sistema bibliotecario di ateneo",
    "webpath": null,
    "parent": 1,
    "url": "#",
    "publication": null,
    "inherited_content": null,
    "created_by": null,
    "modified_by": null
  }
},
{
  "model": "cms_menus.navigationbaritem",
  "pk": 100,
  "fields": {
    "created": "2020-11-19T09:41:14.149Z",
    "modified": "2020-11-19T09:50:43.880Z",
    "order": 62,
    "is_active": true,
    "menu": 1,
    "name": "Scuola Superiore di Scienze delle Amministrazioni Pubbliche",
    "webpath": null,
    "parent": 1,
    "url": "#",
    "publication": null,
    "inherited_content": null,
    "created_by": null,
    "modified_by": null
  }
},
{
  "model": "cms_menus.navigationbaritem",
  "pk": 101,
  "fields": {
    "created": "2020-11-19T09:41:14.158Z",
    "modified": "2020-11-19T09:50:43.883Z",
    "order": 63,
    "is_active": true,
    "menu": 1,
    "name": "Scuola di Specializzazione in Patologia Clinica",
    "webpath": null,
    "parent": 1,
    "url": "#",
    "publication": null,
    "inherited_content": null,
    "created_by": null,
    "modified_by": null
  }
},
{
  "model": "cms_menus.navigationbaritem",
  "pk": 102,
  "fields": {
    "created": "2020-11-19T09:41:14.173Z",
    "modified": "2020-11-19T09:50:43.885Z",
    "order": 64,
    "is_active": true,
    "menu": 1,
    "name": "Centri",
    "webpath": null,
    "parent": 1,
    "url": "#",
    "publication": null,
    "inherited_content": null,
    "created_by": null,
    "modified_by": null
  }
},
{
  "model": "cms_menus.navigationbaritem",
  "pk": 103,
  "fields": {
    "created": "2020-11-19T09:49:06.005Z",
    "modified": "2020-11-19T09:50:43.842Z",
    "order": 42,
    "is_active": true,
    "menu": 1,
    "name": "Internazionale",
    "webpath": null,
    "parent": 6,
    "url": null,
    "publication": null,
    "inherited_content": null,
    "created_by": null,
    "modified_by": null
  }
},
{
  "model": "cms_menus.navigationbaritem",
  "pk": 104,
  "fields": {
    "created": "2020-11-19T09:50:43.823Z",
    "modified": "2020-11-19T09:50:43.823Z",
    "order": 33,
    "is_active": true,
    "menu": 1,
    "name": "Ricerca",
    "webpath": null,
    "parent": 4,
    "url": null,
    "publication": null,
    "inherited_content": null,
    "created_by": null,
    "modified_by": null
  }
},
{
  "model": "cms_menus.navigationbaritem",
  "pk": 186,
  "fields": {
    "created": "2020-11-20T10:28:27.095Z",
    "modified": "2020-11-20T10:28:27.096Z",
    "order": 0,
    "is_active": true,
    "menu": 18,
    "name": "my Dip",
    "webpath": null,
    "parent": null,
    "url": null,
    "publication": null,
    "inherited_content": null,
    "created_by": null,
    "modified_by": null
  }
},
{
  "model": "cms_menus.navigationbaritem",
  "pk": 187,
  "fields": {
    "created": "2020-11-20T10:28:27.096Z",
    "modified": "2020-11-20T10:28:27.096Z",
    "order": 1,
    "is_active": true,
    "menu": 18,
    "name": "servizi per gli studenti",
    "webpath": null,
    "parent": null,
    "url": null,
    "publication": null,
    "inherited_content": null,
    "created_by": null,
    "modified_by": null
  }
},
{
  "model": "cms_menus.navigationbaritem",
  "pk": 188,
  "fields": {
    "created": "2020-11-20T17:15:19.414Z",
    "modified": "2020-11-20T17:15:19.414Z",
    "order": 0,
    "is_active": true,
    "menu": 19,
    "name": "Dipartimento",
    "webpath": null,
    "parent": null,
    "url": null,
    "publication": null,
    "inherited_content": null,
    "created_by": null,
    "modified_by": null
  }
},
{
  "model": "cms_menus.navigationbaritem",
  "pk": 189,
  "fields": {
    "created": "2020-11-20T17:15:19.427Z",
    "modified": "2020-11-20T17:15:35.933Z",
    "order": 5,
    "is_active": true,
    "menu": 19,
    "name": "presentazione",
    "webpath": null,
    "parent": 188,
    "url": "#",
    "publication": null,
    "inherited_content": null,
    "created_by": null,
    "modified_by": null
  }
},
{
  "model": "cms_menus.navigationbaritem",
  "pk": 190,
  "fields": {
    "created": "2020-11-20T17:15:19.439Z",
    "modified": "2020-11-20T17:15:35.938Z",
    "order": 6,
    "is_active": true,
    "menu": 19,
    "name": "organizzazione",
    "webpath": null,
    "parent": 188,
    "url": "#",
    "publication": null,
    "inherited_content": null,
    "created_by": null,
    "modified_by": null
  }
},
{
  "model": "cms_menus.navigationbaritem",
  "pk": 191,
  "fields": {
    "created": "2020-11-20T17:15:19.450Z",
    "modified": "2020-11-20T17:15:35.943Z",
    "order": 7,
    "is_active": true,
    "menu": 19,
    "name": "qualità e miglioramento",
    "webpath": null,
    "parent": 188,
    "url": "#",
    "publication": null,
    "inherited_content": null,
    "created_by": null,
    "modified_by": null
  }
},
{
  "model": "cms_menus.navigationbaritem",
  "pk": 192,
  "fields": {
    "created": "2020-11-20T17:15:19.462Z",
    "modified": "2020-11-20T17:15:35.949Z",
    "order": 8,
    "is_active": true,
    "menu": 19,
    "name": "bandi e concorsi",
    "webpath": null,
    "parent": 188,
    "url": "#",
    "publication": null,
    "inherited_content": null,
    "created_by": null,
    "modified_by": null
  }
},
{
  "model": "cms_menus.navigationbaritem",
  "pk": 193,
  "fields": {
    "created": "2020-11-20T17:15:19.474Z",
    "modified": "2020-11-20T17:15:35.953Z",
    "order": 9,
    "is_active": true,
    "menu": 19,
    "name": "dove siamo",
    "webpath": null,
    "parent": 188,
    "url": "#",
    "publication": null,
    "inherited_content": null,
    "created_by": null,
    "modified_by": null
  }
},
{
  "model": "cms_menus.navigationbaritem",
  "pk": 194,
  "fields": {
    "created": "2020-11-20T17:15:19.488Z",
    "modified": "2020-11-20T17:15:19.488Z",
    "order": 1,
    "is_active": true,
    "menu": 19,
    "name": "Didattica",
    "webpath": null,
    "parent": null,
    "url": null,
    "publication": null,
    "inherited_content": null,
    "created_by": null,
    "modified_by": null
  }
},
{
  "model": "cms_menus.navigationbaritem",
  "pk": 195,
  "fields": {
    "created": "2020-11-20T17:15:19.528Z",
    "modified": "2020-11-20T17:15:35.957Z",
    "order": 10,
    "is_active": true,
    "menu": 19,
    "name": "lauree triennali",
    "webpath": null,
    "parent": 194,
    "url": "#",
    "publication": null,
    "inherited_content": null,
    "created_by": null,
    "modified_by": null
  }
},
{
  "model": "cms_menus.navigationbaritem",
  "pk": 196,
  "fields": {
    "created": "2020-11-20T17:15:19.554Z",
    "modified": "2020-11-20T17:15:35.966Z",
    "order": 11,
    "is_active": true,
    "menu": 19,
    "name": "lauree magistrali",
    "webpath": null,
    "parent": 194,
    "url": "#",
    "publication": null,
    "inherited_content": null,
    "created_by": null,
    "modified_by": null
  }
},
{
  "model": "cms_menus.navigationbaritem",
  "pk": 197,
  "fields": {
    "created": "2020-11-20T17:15:19.572Z",
    "modified": "2020-11-20T17:15:35.971Z",
    "order": 12,
    "is_active": true,
    "menu": 19,
    "name": "corsi post laurea",
    "webpath": null,
    "parent": 194,
    "url": "#",
    "publication": null,
    "inherited_content": null,
    "created_by": null,
    "modified_by": null
  }
},
{
  "model": "cms_menus.navigationbaritem",
  "pk": 198,
  "fields": {
    "created": "2020-11-20T17:15:19.585Z",
    "modified": "2020-11-20T17:15:35.977Z",
    "order": 13,
    "is_active": true,
    "menu": 19,
    "name": "dottorati di ricerca",
    "webpath": null,
    "parent": 194,
    "url": "#",
    "publication": null,
    "inherited_content": null,
    "created_by": null,
    "modified_by": null
  }
},
{
  "model": "cms_menus.navigationbaritem",
  "pk": 199,
  "fields": {
    "created": "2020-11-20T17:15:19.596Z",
    "modified": "2020-11-20T17:15:19.596Z",
    "order": 2,
    "is_active": true,
    "menu": 19,
    "name": "Persone",
    "webpath": null,
    "parent": null,
    "url": null,
    "publication": null,
    "inherited_content": null,
    "created_by": null,
    "modified_by": null
  }
},
{
  "model": "cms_menus.navigationbaritem",
  "pk": 200,
  "fields": {
    "created": "2020-11-20T17:15:19.613Z",
    "modified": "2020-11-20T17:15:36.026Z",
    "order": 22,
    "is_active": true,
    "menu": 19,
    "name": "docenti",
    "webpath": null,
    "parent": 199,
    "url": "#",
    "publication": null,
    "inherited_content": null,
    "created_by": null,
    "modified_by": null
  }
},
{
  "model": "cms_menus.navigationbaritem",
  "pk": 201,
  "fields": {
    "created": "2020-11-20T17:15:19.625Z",
    "modified": "2020-11-20T17:15:36.031Z",
    "order": 23,
    "is_active": true,
    "menu": 19,
    "name": "personale tecnico amministrativo",
    "webpath": null,
    "parent": 199,
    "url": "#",
    "publication": null,
    "inherited_content": null,
    "created_by": null,
    "modified_by": null
  }
},
{
  "model": "cms_menus.navigationbaritem",
  "pk": 202,
  "fields": {
    "created": "2020-11-20T17:15:19.636Z",
    "modified": "2020-11-20T17:15:36.034Z",
    "order": 24,
    "is_active": true,
    "menu": 19,
    "name": "dottorandi",
    "webpath": null,
    "parent": 199,
    "url": "#",
    "publication": null,
    "inherited_content": null,
    "created_by": null,
    "modified_by": null
  }
},
{
  "model": "cms_menus.navigationbaritem",
  "pk": 203,
  "fields": {
    "created": "2020-11-20T17:15:19.648Z",
    "modified": "2020-11-20T17:15:36.037Z",
    "order": 25,
    "is_active": true,
    "menu": 19,
    "name": "assegnisti - collaboratori",
    "webpath": null,
    "parent": 199,
    "url": "#",
    "publication": null,
    "inherited_content": null,
    "created_by": null,
    "modified_by": null
  }
},
{
  "model": "cms_menus.navigationbaritem",
  "pk": 204,
  "fields": {
    "created": "2020-11-20T17:15:19.659Z",
    "modified": "2020-11-20T17:15:19.659Z",
    "order": 3,
    "is_active": true,
    "menu": 19,
    "name": "Ricerca",
    "webpath": null,
    "parent": null,
    "url": null,
    "publication": null,
    "inherited_content": null,
    "created_by": null,
    "modified_by": null
  }
},
{
  "model": "cms_menus.navigationbaritem",
  "pk": 205,
  "fields": {
    "created": "2020-11-20T17:15:19.671Z",
    "modified": "2020-11-20T17:15:35.994Z",
    "order": 17,
    "is_active": true,
    "menu": 19,
    "name": "ambiti",
    "webpath": null,
    "parent": 204,
    "url": "#",
    "publication": null,
    "inherited_content": null,
    "created_by": null,
    "modified_by": null
  }
},
{
  "model": "cms_menus.navigationbaritem",
  "pk": 206,
  "fields": {
    "created": "2020-11-20T17:15:19.683Z",
    "modified": "2020-11-20T17:15:35.998Z",
    "order": 18,
    "is_active": true,
    "menu": 19,
    "name": "progetti",
    "webpath": null,
    "parent": 204,
    "url": "#",
    "publication": null,
    "inherited_content": null,
    "created_by": null,
    "modified_by": null
  }
},
{
  "model": "cms_menus.navigationbaritem",
  "pk": 207,
  "fields": {
    "created": "2020-11-20T17:15:19.694Z",
    "modified": "2020-11-20T17:15:36.003Z",
    "order": 19,
    "is_active": true,
    "menu": 19,
    "name": "laboratori",
    "webpath": null,
    "parent": 204,
    "url": "#",
    "publication": null,
    "inherited_content": null,
    "created_by": null,
    "modified_by": null
  }
},
{
  "model": "cms_menus.navigationbaritem",
  "pk": 208,
  "fields": {
    "created": "2020-11-20T17:15:19.706Z",
    "modified": "2020-11-20T17:15:36.011Z",
    "order": 20,
    "is_active": true,
    "menu": 19,
    "name": "dottorati",
    "webpath": null,
    "parent": 204,
    "url": "#",
    "publication": null,
    "inherited_content": null,
    "created_by": null,
    "modified_by": null
  }
},
{
  "model": "cms_menus.navigationbaritem",
  "pk": 209,
  "fields": {
    "created": "2020-11-20T17:15:19.718Z",
    "modified": "2020-11-20T17:15:36.020Z",
    "order": 21,
    "is_active": true,
    "menu": 19,
    "name": "attività- risultati",
    "webpath": null,
    "parent": 204,
    "url": "#",
    "publication": null,
    "inherited_content": null,
    "created_by": null,
    "modified_by": null
  }
},
{
  "model": "cms_menus.navigationbaritem",
  "pk": 210,
  "fields": {
    "created": "2020-11-20T17:15:19.732Z",
    "modified": "2020-11-20T17:15:19.732Z",
    "order": 4,
    "is_active": true,
    "menu": 19,
    "name": "Innovazione",
    "webpath": null,
    "parent": null,
    "url": null,
    "publication": null,
    "inherited_content": null,
    "created_by": null,
    "modified_by": null
  }
},
{
  "model": "cms_menus.navigationbaritem",
  "pk": 211,
  "fields": {
    "created": "2020-11-20T17:15:19.744Z",
    "modified": "2020-11-20T17:15:35.984Z",
    "order": 14,
    "is_active": true,
    "menu": 19,
    "name": "imprese",
    "webpath": null,
    "parent": 210,
    "url": "#",
    "publication": null,
    "inherited_content": null,
    "created_by": null,
    "modified_by": null
  }
},
{
  "model": "cms_menus.navigationbaritem",
  "pk": 212,
  "fields": {
    "created": "2020-11-20T17:15:19.757Z",
    "modified": "2020-11-20T17:15:35.987Z",
    "order": 15,
    "is_active": true,
    "menu": 19,
    "name": "cultura",
    "webpath": null,
    "parent": 210,
    "url": "#",
    "publication": null,
    "inherited_content": null,
    "created_by": null,
    "modified_by": null
  }
},
{
  "model": "cms_menus.navigationbaritem",
  "pk": 213,
  "fields": {
    "created": "2020-11-20T17:15:19.771Z",
    "modified": "2020-11-20T17:15:35.990Z",
    "order": 16,
    "is_active": true,
    "menu": 19,
    "name": "società",
    "webpath": null,
    "parent": 210,
    "url": "#",
    "publication": null,
    "inherited_content": null,
    "created_by": null,
    "modified_by": null
  }
},
{
  "model": "cms_menus.navigationbaritemlocalization",
  "pk": 1,
  "fields": {
    "item": 4,
    "language": "en",
    "name": "Research"
  }
},
{
  "model": "cms_contexts.website",
  "pk": 1,
  "fields": {
    "name": "example.com",
    "domain": "example.com",
    "is_active": false
  }
},
{
  "model": "cms_contexts.website",
  "pk": 2,
  "fields": {
    "name": "Portale dell'Università della Calabria",
    "domain": "test.unical.it",
    "is_active": true
  }
},
{
  "model": "cms_contexts.website",
  "pk": 3,
  "fields": {
    "name": "Dipartimento DIMES",
    "domain": "test.dimes.unical.it",
    "is_active": true
  }
},
{
  "model": "cms_contexts.webpath",
  "pk": 1,
  "fields": {
    "created": "2020-10-29T09:11:39.008Z",
    "modified": "2020-11-07T14:55:20.868Z",
    "site": 2,
    "name": "Portale dell'Università della Calabria",
    "parent": null,
    "alias": null,
    "alias_url": null,
    "path": "/",
    "fullpath": "/",
    "is_active": true
  }
},
{
  "model": "cms_contexts.webpath",
  "pk": 2,
  "fields": {
    "created": "2020-11-07T14:57:19.676Z",
    "modified": "2020-11-07T14:58:52.545Z",
    "site": 2,
    "name": "banane",
    "parent": 1,
    "alias": null,
    "alias_url": null,
    "path": "didattica",
    "fullpath": "/didattica",
    "is_active": true
  }
},
{
  "model": "cms_contexts.webpath",
  "pk": 3,
  "fields": {
    "created": "2020-11-20T08:50:48.265Z",
    "modified": "2020-11-23T08:09:16.220Z",
    "site": 3,
    "name": "DIMES (subdomain)",
    "parent": null,
    "alias": null,
    "alias_url": "//test.unical.it:8000/portale/dipartimenti/dimes/",
    "path": "/",
    "fullpath": "/",
    "is_active": true
  }
},
{
  "model": "cms_contexts.webpath",
  "pk": 4,
  "fields": {
    "created": "2020-11-20T09:14:17.710Z",
    "modified": "2020-11-23T08:08:52.725Z",
    "site": 2,
    "name": "DIMES",
    "parent": 5,
    "alias": null,
    "alias_url": "",
    "path": "dimes/",
    "fullpath": "/dipartimenti/dimes/",
    "is_active": true
  }
},
{
  "model": "cms_contexts.webpath",
  "pk": 5,
  "fields": {
    "created": "2020-11-20T12:29:06.360Z",
    "modified": "2020-11-20T16:39:05.276Z",
    "site": 2,
    "name": "dipartimenti",
    "parent": 1,
    "alias": null,
    "alias_url": "",
    "path": "dipartimenti/",
    "fullpath": "/dipartimenti/",
    "is_active": true
  }
},
{
  "model": "cms_contexts.webpath",
  "pk": 6,
  "fields": {
    "created": "2020-11-30T16:43:00.111Z",
    "modified": "2020-11-30T16:43:00.111Z",
    "site": 3,
    "name": "ricerca dimes",
    "parent": 3,
    "alias": null,
    "alias_url": "",
    "path": "ricerca/",
    "fullpath": "/ricerca/",
    "is_active": true
  }
},
{
  "model": "cms_contexts.editorialboardlocks",
  "pk": 1,
  "fields": {
    "content_type": 28,
    "object_id": 1,
    "locked_by": 1,
    "locked_time": "2020-11-22T14:36:44Z"
  }
},
{
  "model": "cms_contexts.editorialboardlocks",
  "pk": 2,
  "fields": {
    "content_type": 21,
    "object_id": 3,
    "locked_by": 1,
    "locked_time": "2020-11-22T14:38:50Z"
  }
},
{
  "model": "cms_medias.mediacollection",
  "pk": 1,
  "fields": {
    "created": "2020-11-24T09:33:24.719Z",
    "modified": "2020-11-24T10:13:50.234Z",
    "is_active": true,
    "name": "Unical gallery",
    "description": "Galleria foto unical"
  }
},
{
  "model": "cms_medias.media",
  "pk": 1,
  "fields": {
    "created": "2020-10-30T16:32:21.019Z",
    "modified": "2020-10-30T16:32:21.019Z",
    "is_active": true,
    "title": "Unical Campus",
    "file": "medias/2020/campus_khrzwfL.jpg",
    "description": "Vista con panorama",
    "file_size": null,
    "file_format": null,
    "created_by": null,
    "modified_by": null
  }
},
{
  "model": "cms_medias.media",
  "pk": 2,
  "fields": {
    "created": "2020-10-31T13:53:43.251Z",
    "modified": "2020-10-31T14:35:45.239Z",
    "is_active": true,
    "title": "Unical Campus esempio 2",
    "file": "medias/2020/students1.jpg",
    "description": "Esempio di immagine promozionale di campus",
    "file_size": null,
    "file_format": null,
    "created_by": null,
    "modified_by": null
  }
},
{
  "model": "cms_medias.media",
  "pk": 3,
  "fields": {
    "created": "2020-10-31T15:04:12.200Z",
    "modified": "2020-10-31T15:04:12.200Z",
    "is_active": true,
    "title": "studenti 3",
    "file": "medias/2020/students2.jpg",
    "description": "studenti 3",
    "file_size": null,
    "file_format": null,
    "created_by": null,
    "modified_by": null
  }
},
{
  "model": "cms_medias.media",
  "pk": 4,
  "fields": {
    "created": "2020-11-11T17:14:02.849Z",
    "modified": "2020-11-11T17:14:02.849Z",
    "is_active": true,
    "title": "Banner test 1",
    "file": "medias/2020/test_news_1.jpg",
    "description": "test",
    "file_size": null,
    "file_format": null,
    "created_by": null,
    "modified_by": null
  }
},
{
  "model": "cms_medias.mediacollectionitem",
  "pk": 1,
  "fields": {
    "created": "2020-11-24T09:33:24.727Z",
    "modified": "2020-11-24T09:33:24.727Z",
    "order": 10,
    "is_active": true,
    "media": 1,
    "collection": 1
  }
},
{
  "model": "cms_medias.mediacollectionitem",
  "pk": 2,
  "fields": {
    "created": "2020-11-24T09:33:24.727Z",
    "modified": "2020-11-24T09:33:24.727Z",
    "order": 20,
    "is_active": true,
    "media": 2,
    "collection": 1
  }
},
{
  "model": "cms_medias.mediacollectionitem",
  "pk": 3,
  "fields": {
    "created": "2020-11-24T10:13:09.157Z",
    "modified": "2020-11-24T10:13:09.157Z",
    "order": 30,
    "is_active": true,
    "media": 4,
    "collection": 1
  }
},
{
  "model": "cms_medias.mediacollectionitem",
  "pk": 4,
  "fields": {
    "created": "2020-11-24T10:13:50.240Z",
    "modified": "2020-11-24T10:13:50.240Z",
    "order": 10,
    "is_active": true,
    "media": 3,
    "collection": 1
  }
},
{
  "model": "cms.page",
  "pk": 1,
  "fields": {
    "created": "2020-10-29T09:12:44.427Z",
    "modified": "2020-11-24T10:58:04.194Z",
    "is_active": true,
    "draft_of": null,
    "name": "Portale dell'Università della Calabria",
    "webpath": 1,
    "base_template": 1,
    "description": "",
    "date_start": "2020-10-29T09:12:02Z",
    "date_end": null,
    "state": "published",
    "created_by": null,
    "modified_by": null,
    "type": "home"
  }
},
{
  "model": "cms.page",
  "pk": 2,
  "fields": {
    "created": "2020-11-20T09:15:53.481Z",
    "modified": "2020-11-25T17:34:49.167Z",
    "is_active": true,
    "draft_of": null,
    "name": "Dimes",
    "webpath": 4,
    "base_template": 2,
    "description": "",
    "date_start": "2020-11-20T09:15:51Z",
    "date_end": null,
    "state": "published",
    "created_by": null,
    "modified_by": null,
    "type": "home"
  }
},
{
  "model": "cms.page",
  "pk": 15,
  "fields": {
    "created": "2020-11-24T12:52:00.324Z",
    "modified": "2020-11-24T12:52:09.027Z",
    "is_active": true,
    "draft_of": 1,
    "name": "Portale dell'Università della Calabria",
    "webpath": 1,
    "base_template": 1,
    "description": "",
    "date_start": "2020-11-24T12:52:00Z",
    "date_end": null,
    "state": "draft",
    "created_by": null,
    "modified_by": null,
    "type": "home"
  }
},
{
  "model": "cms.pagecarousel",
  "pk": 1,
  "fields": {
    "created": "2020-10-30T16:37:39.528Z",
    "modified": "2020-11-02T10:46:46.503Z",
    "order": 10,
    "is_active": true,
    "section": "slider",
    "page": 1,
    "carousel": 1
  }
},
{
  "model": "cms.pagecarousel",
  "pk": 2,
  "fields": {
    "created": "2020-11-20T10:12:41.157Z",
    "modified": "2020-11-20T10:12:41.157Z",
    "order": 10,
    "is_active": true,
    "section": "slider",
    "page": 2,
    "carousel": 1
  }
},
{
  "model": "cms.pagecarousel",
  "pk": 6,
  "fields": {
    "created": "2020-11-24T12:52:00.366Z",
    "modified": "2020-11-24T12:52:00.366Z",
    "order": 10,
    "is_active": true,
    "section": "slider",
    "page": 15,
    "carousel": 1
  }
},
{
  "model": "cms.pagemenu",
  "pk": 1,
  "fields": {
    "created": "2020-11-02T10:08:40.122Z",
    "modified": "2020-11-02T10:08:40.122Z",
    "order": 10,
    "is_active": true,
    "section": "menu-1",
    "page": 1,
    "menu": 1
  }
},
{
  "model": "cms.pagemenu",
  "pk": 2,
  "fields": {
    "created": "2020-11-02T10:09:03.494Z",
    "modified": "2020-11-02T10:09:03.494Z",
    "order": 11,
    "is_active": true,
    "section": "menu-2",
    "page": 1,
    "menu": 2
  }
},
{
  "model": "cms.pagemenu",
  "pk": 6,
  "fields": {
    "created": "2020-11-20T10:29:42.578Z",
    "modified": "2020-11-20T10:29:42.578Z",
    "order": 10,
    "is_active": true,
    "section": "menu-2",
    "page": 2,
    "menu": 18
  }
},
{
  "model": "cms.pagemenu",
  "pk": 7,
  "fields": {
    "created": "2020-11-20T17:16:02.007Z",
    "modified": "2020-11-20T17:16:02.007Z",
    "order": 10,
    "is_active": true,
    "section": "menu-1",
    "page": 2,
    "menu": 19
  }
},
{
  "model": "cms.pagemenu",
  "pk": 15,
  "fields": {
    "created": "2020-11-24T12:52:00.379Z",
    "modified": "2020-11-24T12:52:09.031Z",
    "order": 10,
    "is_active": false,
    "section": "menu-1",
    "page": 15,
    "menu": 1
  }
},
{
  "model": "cms.pagemenu",
  "pk": 16,
  "fields": {
    "created": "2020-11-24T12:52:00.395Z",
    "modified": "2020-11-24T12:52:09.031Z",
    "order": 11,
    "is_active": false,
    "section": "menu-2",
    "page": 15,
    "menu": 2
  }
},
{
  "model": "cms.category",
  "pk": 1,
  "fields": {
    "created": "2020-11-09T13:25:34.020Z",
    "modified": "2020-11-09T13:25:34.020Z",
    "name": "Didattica",
    "description": "Didattica",
    "image": "images/categories/inline_image_preview.jpg"
  }
},
{
  "model": "cms.category",
  "pk": 2,
  "fields": {
    "created": "2020-11-09T13:26:39.646Z",
    "modified": "2020-11-09T13:26:39.646Z",
    "name": "Ricerca",
    "description": "Ricerca",
    "image": "images/categories/ricerca.png"
  }
},
{
  "model": "cms.category",
  "pk": 3,
  "fields": {
    "created": "2020-11-09T13:27:51.975Z",
    "modified": "2020-11-09T13:27:51.975Z",
    "name": "Eventi",
    "description": "Eventi",
    "image": "images/categories/eventi.jpg"
  }
},
{
  "model": "cms.category",
  "pk": 4,
  "fields": {
    "created": "2020-11-14T15:11:08.755Z",
    "modified": "2020-11-14T15:11:08.755Z",
    "name": "Cultura",
    "description": "Cultura",
    "image": ""
  }
},
{
  "model": "cms.publication",
  "pk": 1,
  "fields": {
    "created": "2020-11-09T13:33:21.852Z",
    "modified": "2020-11-25T09:51:03.244Z",
    "is_active": true,
    "title": "Papiri, Codex, Libri. La attraverso labora lorem ipsum",
    "subheading": "Itaque earum rerum hic tenetur a sapiente delectus, ut aut reiciendis voluptatibus maiores alias consequatur aut perferendis doloribus asperiores repellat.",
    "content": "<p>Sed ut perspiciatis unde omnis iste natus error sit voluptatem accusantium doloremque laudantium, totam rem aperiam, eaque ipsa quae ab illo inventore veritatis et quasi architecto beatae vitae dicta sunt explicabo. Nemo enim ipsam voluptatem quia voluptas sit aspernatur aut odit aut fugit, sed quia consequuntur magni dolores eos qui ratione voluptatem sequi nesciunt. Neque porro quisquam est, qui dolorem ipsum quia dolor sit amet, consectetur, adipisci velit, sed quia non numquam eius modi tempora incidunt ut labore et dolore magnam aliquam quaerat voluptatem. Ut enim ad minima veniam, quis nostrum exercitationem ullam corporis suscipit laboriosam, nisi ut aliquid ex ea commodi consequatur? Quis autem vel eum iure reprehenderit qui in ea voluptate velit esse quam nihil molestiae consequatur, vel illum qui dolorem eum fugiat quo voluptas nulla pariatur?</p><p>&lt;h1&gt;This HTML is escaped by default!&lt;/h1&gt;</p><p>&nbsp;</p>",
    "content_type": "html",
    "presentation_image": 4,
    "state": "published",
    "date_start": "2020-11-09T13:24:35Z",
    "date_end": "2022-11-30T14:31:20Z",
    "note": "",
    "slug": "unical-campus-1",
    "created_by": null,
    "modified_by": null,
    "category": [
      1
    ]
  }
},
{
  "model": "cms.publication",
  "pk": 2,
  "fields": {
    "created": "2020-11-09T13:36:12.360Z",
    "modified": "2020-11-16T14:29:56.271Z",
    "is_active": true,
    "title": "Unical Campus esempio 2",
    "subheading": "Sed ut perspiciatis unde omnis iste natus error sit voluptatem accusantium doloremque laudantium, totam rem aperiam.",
    "content": "<p>Sed ut perspiciatis unde omnis iste natus error sit voluptatem accusantium doloremque laudantium, totam rem aperiam, eaque ipsa quae ab illo inventore veritatis et quasi architecto beatae vitae dicta sunt explicabo. Nemo enim ipsam voluptatem quia voluptas sit aspernatur aut odit aut fugit, sed quia consequuntur magni dolores eos qui ratione voluptatem sequi nesciunt. Neque porro quisquam est, qui dolorem ipsum quia dolor sit amet, consectetur, adipisci velit, sed quia non numquam eius modi tempora incidunt ut labore et dolore magnam aliquam quaerat voluptatem.</p>",
    "content_type": "markdown",
    "presentation_image": null,
    "state": "published",
    "date_start": "2020-11-09T13:35:44Z",
    "date_end": "2022-11-30T14:29:43Z",
    "note": "",
    "slug": "unical-campus-esempio-2",
    "created_by": null,
    "modified_by": null,
    "category": [
      3
    ]
  }
},
{
  "model": "cms.publication",
  "pk": 3,
  "fields": {
    "created": "2020-11-09T13:36:59.347Z",
    "modified": "2020-11-16T14:30:18.991Z",
    "is_active": true,
    "title": "Unical Campus 3",
    "subheading": "Nemo enim ipsam voluptatem quia voluptas sit aspernatur aut odit aut fugit, sed quia consequuntur magni dolores eos qui ratione voluptatem sequi nesciunt. Neque porro quisquam est, qui dolorem ipsum quia dolor sit amet, consectetur, adipisci velit, sed quia non numquam eius modi tempora incidunt ut labore et dolore magnam aliquam quaerat voluptatem.",
    "content": "<p>Sed ut perspiciatis unde omnis iste natus error sit voluptatem accusantium doloremque laudantium, totam rem aperiam, eaque ipsa quae ab illo inventore veritatis et quasi architecto beatae vitae dicta sunt explicabo. Nemo enim ipsam voluptatem quia voluptas sit aspernatur aut odit aut fugit, sed quia consequuntur magni dolores eos qui ratione voluptatem sequi nesciunt. Neque porro quisquam est, qui dolorem ipsum quia dolor sit amet, consectetur, adipisci velit, sed quia non numquam eius modi tempora incidunt ut labore et dolore magnam aliquam quaerat voluptatem.</p>",
    "content_type": "markdown",
    "presentation_image": 2,
    "state": "published",
    "date_start": "2020-11-09T13:36:39Z",
    "date_end": "2022-11-30T14:30:13Z",
    "note": "",
    "slug": "unical-campus-3",
    "created_by": null,
    "modified_by": null,
    "category": [
      2
    ]
  }
},
{
  "model": "cms.publication",
  "pk": 4,
  "fields": {
    "created": "2020-11-11T16:49:38.838Z",
    "modified": "2020-11-20T14:47:36.489Z",
    "is_active": true,
    "title": "Studiare online è sempre più semplice",
    "subheading": "Lorem ipsum dolor sit amet, consectetur adipiscing elit, sed do eiusmod tempor incididunt ut labore et dolore magna aliqua. Ut enim ad minim veniam, quis nostrud exercitation ullamco laboris nisi ut aliquip ex ea commodo consequat Lorem ipsum dolor sit amet, consectetur adipiscing elit, sed do eiusmod tempor incididunt ut labore et dolore magna aliqua. Ut enim ad minim veniam, quis nostrud exercitation ullamco laboris nisi ut aliquip ex ea commodo consequat Lorem ipsum dolor sit amet, consectetur adipiscing elit, sed do eiusmod tempor incididunt ut labore et dolore magna aliqua. Ut enim ad minim veniam, quis nostrud exercitation ullamco laboris nisi ut aliquip ex ea commodo consequat",
    "content": "<p>Lorem ipsum dolor sit amet, consectetur adipiscing elit, sed do eiusmod tempor incididunt ut labore et dolore magna aliqua. Ut enim ad minim veniam, quis nostrud exercitation ullamco laboris nisi ut aliquip ex ea commodo consequat</p>",
    "content_type": "markdown",
    "presentation_image": null,
    "state": "published",
    "date_start": "2020-11-11T16:56:21Z",
    "date_end": "2022-11-30T14:31:00Z",
    "note": "",
    "slug": "studiare-online-e-sempre-piu-semplice",
    "created_by": null,
    "modified_by": null,
    "category": [
      2
    ]
  }
},
{
  "model": "cms.publication",
  "pk": 5,
  "fields": {
    "created": "2020-11-11T17:18:19.297Z",
    "modified": "2020-11-24T14:11:36.607Z",
    "is_active": true,
    "title": "Il cinema è Unical",
    "subheading": "Lorem ipsum dolor sit amet, consectetur adipiscing elit, sed do eiusmod tempor incididunt ut labore et dolore magna aliqua. Ut enim ad minim veniam, quis nostrud exercitation ullamco laboris nisi ut aliquip ex ea commodo consequat Lorem ipsum dolor sit amet, consectetur adipiscing elit, sed do eiusmod tempor incididunt ut labore et dolore magna aliqua. Ut enim ad minim veniam, quis nostrud exercitation ullamco laboris nisi ut aliquip ex ea commodo consequat Lorem ipsum dolor sit amet, consectetur adipiscing elit, sed do eiusmod tempor incididunt ut labore et dolore magna aliqua. Ut enim ad minim veniam, quis nostrud exercitation ullamco laboris nisi ut aliquip ex ea commodo consequat",
    "content": "Lorem ipsum dolor sit amet, consectetur adipiscing elit, sed do eiusmod tempor incididunt ut labore et dolore magna aliqua. Ut enim ad minim veniam, quis nostrud exercitation ullamco laboris nisi ut aliquip ex ea commodo consequat",
    "content_type": "markdown",
    "presentation_image": 3,
    "state": "published",
    "date_start": "2020-11-11T17:18:08Z",
    "date_end": "2022-11-30T14:30:24Z",
    "note": "",
    "slug": "il-cinema-e-unical",
    "created_by": null,
    "modified_by": null,
    "category": [
      4,
      3
    ]
  }
},
{
  "model": "cms.publicationcontext",
  "pk": 1,
  "fields": {
    "created": "2020-11-09T13:34:17.872Z",
    "modified": "2020-11-09T13:34:26.064Z",
    "order": 10,
    "is_active": true,
    "section": null,
    "publication": 1,
    "webpath": 1,
    "in_evidence_start": "2020-11-09T13:33:54Z",
    "in_evidence_end": null,
    "created_by": null,
    "modified_by": null
  }
},
{
  "model": "cms.publicationcontext",
  "pk": 2,
  "fields": {
    "created": "2020-11-09T13:36:12.365Z",
    "modified": "2020-11-09T13:36:12.365Z",
    "order": 50,
    "is_active": true,
    "section": null,
    "publication": 2,
    "webpath": 1,
    "in_evidence_start": "2020-11-09T13:36:10Z",
    "in_evidence_end": null,
    "created_by": null,
    "modified_by": null
  }
},
{
  "model": "cms.publicationcontext",
  "pk": 3,
  "fields": {
    "created": "2020-11-09T13:36:59.352Z",
    "modified": "2020-11-09T13:36:59.352Z",
    "order": 90,
    "is_active": true,
    "section": null,
    "publication": 3,
    "webpath": 1,
    "in_evidence_start": "2020-11-09T13:36:53Z",
    "in_evidence_end": null,
    "created_by": null,
    "modified_by": null
  }
},
{
  "model": "cms.publicationcontext",
  "pk": 4,
  "fields": {
    "created": "2020-11-11T16:50:10.775Z",
    "modified": "2020-11-11T16:50:30.389Z",
    "order": 10,
    "is_active": true,
    "section": null,
    "publication": 4,
    "webpath": 1,
    "in_evidence_start": "2020-11-11T16:50:08Z",
    "in_evidence_end": null,
    "created_by": null,
    "modified_by": null
  }
},
{
  "model": "cms.publicationcontext",
  "pk": 5,
  "fields": {
    "created": "2020-11-11T17:18:19.304Z",
    "modified": "2020-11-12T07:25:17.712Z",
    "order": 10,
    "is_active": true,
    "section": null,
    "publication": 5,
    "webpath": 1,
    "in_evidence_start": "2020-11-11T17:18:17Z",
    "in_evidence_end": null,
    "created_by": null,
    "modified_by": null
  }
},
{
  "model": "cms.publicationcontext",
  "pk": 6,
  "fields": {
    "created": "2020-11-20T09:17:52.876Z",
    "modified": "2020-11-20T12:39:48.614Z",
    "order": 10,
    "is_active": true,
    "section": null,
    "publication": 5,
    "webpath": 4,
    "in_evidence_start": "2020-11-20T09:17:44Z",
    "in_evidence_end": null,
    "created_by": null,
    "modified_by": null
  }
},
{
  "model": "cms.publicationcontext",
  "pk": 7,
  "fields": {
    "created": "2020-11-20T14:47:36.495Z",
    "modified": "2020-11-20T14:47:36.495Z",
    "order": 10,
    "is_active": true,
    "section": null,
    "publication": 4,
    "webpath": 4,
    "in_evidence_start": "2020-11-20T14:47:29Z",
    "in_evidence_end": null,
    "created_by": null,
    "modified_by": null
  }
},
{
  "model": "cms.publicationcontext",
  "pk": 8,
  "fields": {
    "created": "2020-11-20T14:47:59.186Z",
    "modified": "2020-11-20T14:47:59.186Z",
    "order": 10,
    "is_active": true,
    "section": null,
    "publication": 1,
    "webpath": 4,
    "in_evidence_start": "2020-11-20T14:47:57Z",
    "in_evidence_end": null,
    "created_by": null,
    "modified_by": null
  }
},
{
  "model": "cms.publicationlink",
  "pk": 1,
  "fields": {
    "created": "2020-11-24T10:52:29.885Z",
    "modified": "2020-11-24T10:52:29.885Z",
    "publication": 1,
    "name": "test",
    "url": "https://auditorium.unical.it"
  }
},
{
  "model": "cms.publicationgallery",
  "pk": 1,
  "fields": {
    "created": "2020-11-24T09:33:26.374Z",
    "modified": "2020-11-24T09:33:26.374Z",
    "order": 10,
    "is_active": true,
    "publication": 1,
    "collection": 1
  }
},
{
  "model": "cms.publicationrelated",
  "pk": 1,
  "fields": {
    "created": "2020-11-25T09:10:42.440Z",
    "modified": "2020-11-25T09:10:42.440Z",
    "order": 10,
    "is_active": true,
    "publication": 1,
    "related": 4
  }
},
{
  "model": "cms.publicationrelated",
  "pk": 2,
  "fields": {
    "created": "2020-11-25T09:11:11.987Z",
    "modified": "2020-11-25T09:11:11.987Z",
    "order": 20,
    "is_active": true,
    "publication": 1,
    "related": 2
  }
},
{
  "model": "cms.publicationattachment",
  "pk": 1,
  "fields": {
    "created": "2020-11-25T09:51:03.248Z",
    "modified": "2020-11-25T09:51:03.248Z",
    "order": 10,
    "is_active": true,
    "publication": 1,
    "name": "allegato di prova",
    "file": "publications_attachments/1/Schermata_da_2020-09-09_11-57-00.png",
    "description": "Descrizione dell'allegato",
    "file_size": null,
    "file_format": null
  }
},
{
  "model": "cms.publicationlocalization",
  "pk": 1,
  "fields": {
    "created": "2020-11-09T15:37:55.487Z",
    "modified": "2020-11-09T15:37:55.488Z",
    "is_active": true,
    "title": "gdfg",
    "publication": 1,
    "language": "en",
    "subheading": "dfgdfgdf",
    "content": "<p>dfgdfgdfg</p>",
    "created_by": null,
    "modified_by": null
  }
}
]
